,epoch,low,high,open,close,volume,datetime
0,1609459200,599.0,606.03,603.49,599.83,508.78402913,2021-01-01 00:00:00+00:00
1,1609460100,598.4,600.78,599.92,599.73,260.75686841,2021-01-01 00:15:00+00:00
2,1609461000,600.0,602.59,600.54,601.58,102.57426466,2021-01-01 00:30:00+00:00
3,1609461900,601.08,603.63,601.18,602.19,57.80733811,2021-01-01 00:45:00+00:00
4,1609462800,601.61,608.9,602.38,608.55,768.65203565,2021-01-01 01:00:00+00:00
5,1609463700,605.27,608.91,608.69,607.47,753.82135938,2021-01-01 01:15:00+00:00
6,1609464600,606.52,612.48,607.47,611.93,1114.00774721,2021-01-01 01:30:00+00:00
7,1609465500,610.72,613.0,611.41,612.85,386.51773255,2021-01-01 01:45:00+00:00
8,1609466400,609.28,613.0,612.75,609.28,283.79517485,2021-01-01 02:00:00+00:00
9,1609467300,609.58,611.26,609.58,610.0,172.66114358,2021-01-01 02:15:00+00:00
10,1609468200,608.0,610.34,610.0,609.4,171.95060732,2021-01-01 02:30:00+00:00
11,1609469100,607.99,610.58,609.49,609.1,197.25980951,2021-01-01 02:45:00+00:00
12,1609470000,607.84,609.99,609.21,608.68,161.20963209,2021-01-01 03:00:00+00:00
13,1609470900,608.14,609.8,608.82,609.17,152.53691905,2021-01-01 03:15:00+00:00
14,1609471800,608.71,611.03,609.05,609.89,141.94001837,2021-01-01 03:30:00+00:00
15,1609472700,609.14,610.71,610.35,610.03,33.05250774,2021-01-01 03:45:00+00:00
16,1609473600,608.82,610.5,610.49,609.49,49.38296649,2021-01-01 04:00:00+00:00
17,1609474500,609.05,610.55,610.15,609.51,21.90964195,2021-01-01 04:15:00+00:00
18,1609475400,605.5,609.75,609.51,607.43,82.95377577,2021-01-01 04:30:00+00:00
19,1609476300,606.57,608.0,607.83,607.4,15.80489023,2021-01-01 04:45:00+00:00
20,1609477200,605.28,607.82,607.08,607.05,24.9181013,2021-01-01 05:00:00+00:00
21,1609478100,605.91,607.55,607.09,606.43,30.1996468,2021-01-01 05:15:00+00:00
22,1609479000,605.0,606.6,605.63,606.08,161.60392633,2021-01-01 05:30:00+00:00
23,1609479900,605.47,606.26,606.04,605.66,34.81222229,2021-01-01 05:45:00+00:00
24,1609480800,606.25,607.58,606.28,606.93,41.87837423,2021-01-01 06:00:00+00:00
25,1609481700,603.38,606.84,606.84,603.58,145.95742064,2021-01-01 06:15:00+00:00
26,1609482600,603.0,605.18,603.74,605.18,19.45058758,2021-01-01 06:30:00+00:00
27,1609483500,603.9,605.63,605.1,605.3,42.64061472,2021-01-01 06:45:00+00:00
28,1609484400,601.33,606.13,605.52,602.13,210.82780604,2021-01-01 07:00:00+00:00
29,1609485300,602.55,605.24,603.0,602.55,248.16019128,2021-01-01 07:15:00+00:00
30,1609486200,602.14,604.53,602.5,603.72,213.91131601,2021-01-01 07:30:00+00:00
31,1609487100,602.62,604.08,603.44,603.83,105.7972011,2021-01-01 07:45:00+00:00
32,1609488000,600.48,604.83,603.85,600.73,460.77678529,2021-01-01 08:00:00+00:00
33,1609488900,595.5,600.9,600.76,598.4,1014.39126434,2021-01-01 08:15:00+00:00
34,1609489800,595.51,601.09,598.27,595.51,646.99542953,2021-01-01 08:30:00+00:00
35,1609490700,595.34,599.55,595.68,598.49,366.99909506,2021-01-01 08:45:00+00:00
36,1609491600,597.33,601.04,598.44,600.43,412.85922226,2021-01-01 09:00:00+00:00
37,1609492500,599.29,601.63,600.41,601.26,224.57762177,2021-01-01 09:15:00+00:00
38,1609493400,600.55,602.31,601.26,601.19,347.2632293,2021-01-01 09:30:00+00:00
39,1609494300,601.24,602.22,601.36,601.63,166.68245224,2021-01-01 09:45:00+00:00
40,1609495200,601.32,604.61,601.51,604.15,243.31542165,2021-01-01 10:00:00+00:00
41,1609496100,602.51,604.11,603.76,603.44,145.4262777,2021-01-01 10:15:00+00:00
42,1609497000,603.01,605.3,603.12,605.24,101.66652313,2021-01-01 10:30:00+00:00
43,1609497900,604.01,605.99,604.92,604.44,78.02891536,2021-01-01 10:45:00+00:00
44,1609498800,604.06,606.01,604.27,605.76,94.74317578,2021-01-01 11:00:00+00:00
45,1609499700,605.17,607.44,605.56,607.08,268.30751626,2021-01-01 11:15:00+00:00
46,1609500600,605.63,607.99,607.32,606.53,248.43292307,2021-01-01 11:30:00+00:00
47,1609501500,605.05,607.35,607.34,606.29,153.63931904,2021-01-01 11:45:00+00:00
48,1609502400,602.99,607.03,606.3,603.83,447.81742711,2021-01-01 12:00:00+00:00
49,1609503300,603.1,607.4,603.72,607.31,175.56172712,2021-01-01 12:15:00+00:00
50,1609504200,605.71,609.0,607.3,606.91,566.66458893,2021-01-01 12:30:00+00:00
51,1609505100,600.8,607.19,606.7,601.59,632.6222167,2021-01-01 12:45:00+00:00
52,1609506000,601.58,604.65,601.92,604.58,300.32813739,2021-01-01 13:00:00+00:00
53,1609506900,604.18,605.91,604.45,605.84,322.27219469,2021-01-01 13:15:00+00:00
54,1609507800,604.95,607.16,605.9,606.03,99.45258154,2021-01-01 13:30:00+00:00
55,1609508700,606.03,609.0,606.03,607.88,271.5565722,2021-01-01 13:45:00+00:00
56,1609509600,605.69,609.49,607.89,607.54,341.85458136,2021-01-01 14:00:00+00:00
57,1609510500,606.99,608.3,607.2,607.51,87.68108659,2021-01-01 14:15:00+00:00
58,1609511400,605.17,607.71,607.35,606.85,128.77915468,2021-01-01 14:30:00+00:00
59,1609512300,605.13,606.78,606.77,606.01,239.15594857,2021-01-01 14:45:00+00:00
60,1609513200,604.6,606.59,606.15,605.42,267.80014322,2021-01-01 15:00:00+00:00
61,1609514100,605.24,607.68,605.38,607.18,129.34220059,2021-01-01 15:15:00+00:00
62,1609515000,602.72,607.44,607.43,603.38,196.26608283,2021-01-01 15:30:00+00:00
63,1609515900,603.17,605.66,603.27,604.4,108.78795088,2021-01-01 15:45:00+00:00
64,1609516800,602.66,605.98,605.09,604.6,339.63701313,2021-01-01 16:00:00+00:00
65,1609517700,603.28,605.29,603.95,604.53,194.38933816,2021-01-01 16:15:00+00:00
66,1609518600,603.72,605.71,604.52,605.01,251.90091969,2021-01-01 16:30:00+00:00
67,1609519500,604.43,606.09,605.04,604.58,113.72948408,2021-01-01 16:45:00+00:00
68,1609520400,603.22,604.98,604.33,604.01,197.70648477,2021-01-01 17:00:00+00:00
69,1609521300,602.5,604.49,604.01,602.79,221.88258798,2021-01-01 17:15:00+00:00
70,1609522200,599.05,602.94,602.58,600.54,646.38410939,2021-01-01 17:30:00+00:00
71,1609523100,598.21,600.53,600.53,599.56,519.15509774,2021-01-01 17:45:00+00:00
72,1609524000,597.5,601.99,599.4,600.57,253.50311199,2021-01-01 18:00:00+00:00
73,1609524900,597.0,600.97,600.88,597.75,308.35944157,2021-01-01 18:15:00+00:00
74,1609525800,592.48,599.3,597.59,592.85,818.77271173,2021-01-01 18:30:00+00:00
75,1609526700,588.79,596.5,592.8,595.93,1198.18015121,2021-01-01 18:45:00+00:00
76,1609527600,592.98,595.88,595.74,595.13,308.59986278,2021-01-01 19:00:00+00:00
77,1609528500,593.99,596.3,594.84,595.48,217.38674905,2021-01-01 19:15:00+00:00
78,1609529400,594.27,597.0,595.39,597.0,235.8927269,2021-01-01 19:30:00+00:00
79,1609530300,596.17,599.25,596.89,596.17,260.90591131,2021-01-01 19:45:00+00:00
80,1609531200,594.94,599.42,596.1,598.02,170.90113352,2021-01-01 20:00:00+00:00
81,1609532100,597.44,599.9,598.13,599.15,307.95589946,2021-01-01 20:15:00+00:00
82,1609533000,598.0,599.42,599.12,598.27,76.08651647,2021-01-01 20:30:00+00:00
83,1609533900,598.0,600.46,598.1,600.07,212.48580023,2021-01-01 20:45:00+00:00
84,1609534800,598.76,600.23,599.7,599.23,181.04914945,2021-01-01 21:00:00+00:00
85,1609535700,599.0,600.11,599.12,599.75,188.17371235,2021-01-01 21:15:00+00:00
86,1609536600,598.54,600.44,599.76,598.54,421.24878478,2021-01-01 21:30:00+00:00
87,1609537500,597.55,599.58,598.6,598.22,119.11125831,2021-01-01 21:45:00+00:00
88,1609538400,596.66,599.79,597.98,599.69,167.96314398,2021-01-01 22:00:00+00:00
89,1609539300,598.94,601.19,599.43,600.74,189.68726793,2021-01-01 22:15:00+00:00
90,1609540200,598.64,600.92,600.47,598.87,132.76306221,2021-01-01 22:30:00+00:00
91,1609541100,598.07,599.88,598.51,598.74,142.44823382,2021-01-01 22:45:00+00:00
92,1609542000,598.02,599.94,598.79,599.28,66.19850938,2021-01-01 23:00:00+00:00
93,1609542900,598.07,599.93,599.19,598.3,82.92933318,2021-01-01 23:15:00+00:00
94,1609543800,598.19,599.8,598.61,598.74,129.61464062,2021-01-01 23:30:00+00:00
95,1609544700,597.71,598.96,598.59,598.6,68.10052366,2021-01-01 23:45:00+00:00
96,1609545600,595.0,599.19,598.48,597.36,234.22872913,2021-01-02 00:00:00+00:00
97,1609546500,589.0,596.69,596.66,589.75,517.70230806,2021-01-02 00:15:00+00:00
98,1609547400,588.51,594.02,589.69,593.06,219.73498929,2021-01-02 00:30:00+00:00
99,1609548300,590.9,593.21,593.14,591.27,49.96408231,2021-01-02 00:45:00+00:00
100,1609549200,588.0,592.3,591.2,588.24,207.98088364,2021-01-02 01:00:00+00:00
101,1609550100,588.06,592.91,588.12,591.92,42.05032033,2021-01-02 01:15:00+00:00
102,1609551000,591.6,599.59,591.75,598.79,175.09674459,2021-01-02 01:30:00+00:00
103,1609551900,598.63,600.73,598.63,599.64,80.60956161,2021-01-02 01:45:00+00:00
104,1609552800,599.11,601.74,599.19,600.36,155.63923715,2021-01-02 02:00:00+00:00
105,1609553700,600.1,602.23,600.25,602.23,80.74960725,2021-01-02 02:15:00+00:00
106,1609554600,600.06,602.23,602.23,601.32,13.16116668,2021-01-02 02:30:00+00:00
107,1609555500,598.51,601.16,600.91,598.86,34.33730292,2021-01-02 02:45:00+00:00
108,1609556400,598.62,600.83,598.62,600.83,36.16562952,2021-01-02 03:00:00+00:00
109,1609557300,598.91,600.62,600.61,599.86,27.86945731,2021-01-02 03:15:00+00:00
110,1609558200,597.92,599.92,599.91,598.28,32.62352734,2021-01-02 03:30:00+00:00
111,1609559100,598.31,599.66,598.31,599.54,16.42242901,2021-01-02 03:45:00+00:00
112,1609560000,596.56,599.31,599.01,596.56,12.58633714,2021-01-02 04:00:00+00:00
113,1609560900,596.55,598.24,596.56,597.79,7.00112086,2021-01-02 04:15:00+00:00
114,1609561800,597.25,599.51,597.66,598.58,9.04953566,2021-01-02 04:30:00+00:00
115,1609562700,597.79,598.82,598.31,598.82,13.25594091,2021-01-02 04:45:00+00:00
116,1609563600,598.82,601.5,598.82,600.61,66.87758142,2021-01-02 05:00:00+00:00
117,1609564500,599.65,600.96,600.96,600.65,27.18633986,2021-01-02 05:15:00+00:00
118,1609565400,599.89,601.02,599.89,600.48,17.98171292,2021-01-02 05:30:00+00:00
119,1609566300,599.51,600.66,600.05,600.66,32.43577388,2021-01-02 05:45:00+00:00
120,1609567200,599.78,601.6,600.91,601.22,26.92238559,2021-01-02 06:00:00+00:00
121,1609568100,599.8,601.11,600.83,600.53,31.36081932,2021-01-02 06:15:00+00:00
122,1609569000,600.41,603.0,600.71,603.0,225.48356743,2021-01-02 06:30:00+00:00
123,1609569900,602.09,606.7,603.0,605.02,378.66792132,2021-01-02 06:45:00+00:00
124,1609570800,602.52,604.78,604.4,603.56,75.64539484,2021-01-02 07:00:00+00:00
125,1609571700,601.29,603.61,603.61,602.72,166.7597935,2021-01-02 07:15:00+00:00
126,1609572600,601.47,603.2,603.14,602.08,128.16396772,2021-01-02 07:30:00+00:00
127,1609573500,601.51,603.0,602.0,603.0,149.58282752,2021-01-02 07:45:00+00:00
128,1609574400,599.0,604.73,603.58,599.52,251.32543217,2021-01-02 08:00:00+00:00
129,1609575300,597.3,600.31,599.51,599.48,232.17187539,2021-01-02 08:15:00+00:00
130,1609576200,598.7,601.82,599.82,601.81,132.82851594,2021-01-02 08:30:00+00:00
131,1609577100,600.51,601.79,601.77,601.67,93.39761307,2021-01-02 08:45:00+00:00
132,1609578000,599.27,602.25,601.23,600.76,199.18132587,2021-01-02 09:00:00+00:00
133,1609578900,598.79,602.08,600.75,599.21,132.75815448,2021-01-02 09:15:00+00:00
134,1609579800,598.06,600.42,598.49,599.97,119.2116649,2021-01-02 09:30:00+00:00
135,1609580700,593.74,600.77,599.97,595.09,489.695586,2021-01-02 09:45:00+00:00
136,1609581600,593.2,597.87,594.63,596.33,382.4966837,2021-01-02 10:00:00+00:00
137,1609582500,596.35,601.38,596.6,600.57,195.70952144,2021-01-02 10:15:00+00:00
138,1609583400,598.77,601.79,600.59,599.29,201.40989175,2021-01-02 10:30:00+00:00
139,1609584300,597.04,599.64,599.3,597.14,130.25245841,2021-01-02 10:45:00+00:00
140,1609585200,597.0,599.36,597.41,598.76,193.30727919,2021-01-02 11:00:00+00:00
141,1609586100,596.52,598.99,598.5,597.19,116.06798305,2021-01-02 11:15:00+00:00
142,1609587000,596.5,598.16,597.19,597.65,170.5412647,2021-01-02 11:30:00+00:00
143,1609587900,597.6,599.23,597.62,598.86,308.46145032,2021-01-02 11:45:00+00:00
144,1609588800,597.45,599.17,598.34,597.93,247.30724182,2021-01-02 12:00:00+00:00
145,1609589700,597.26,608.0,597.84,605.22,1445.4988256,2021-01-02 12:15:00+00:00
146,1609590600,602.71,613.0,605.29,613.0,1753.71857049,2021-01-02 12:30:00+00:00
147,1609591500,610.5,617.5,612.99,615.21,2609.92266032,2021-01-02 12:45:00+00:00
148,1609592400,612.41,622.97,615.97,621.12,1567.76557981,2021-01-02 13:00:00+00:00
149,1609593300,620.15,628.0,621.14,624.9,1566.61435129,2021-01-02 13:15:00+00:00
150,1609594200,623.1,630.0,624.9,628.48,1197.6817318,2021-01-02 13:30:00+00:00
151,1609595100,623.58,629.04,627.84,627.0,2564.05089458,2021-01-02 13:45:00+00:00
152,1609596000,622.44,627.93,627.0,623.78,1455.06365185,2021-01-02 14:00:00+00:00
153,1609596900,614.0,623.5,623.5,614.54,1856.20647576,2021-01-02 14:15:00+00:00
154,1609597800,614.0,619.24,614.01,618.67,682.76349351,2021-01-02 14:30:00+00:00
155,1609598700,616.91,621.29,618.9,620.89,392.5199884,2021-01-02 14:45:00+00:00
156,1609599600,620.37,622.98,620.6,621.63,411.24228739,2021-01-02 15:00:00+00:00
157,1609600500,621.54,625.0,621.66,623.5,382.45028952,2021-01-02 15:15:00+00:00
158,1609601400,622.97,628.97,623.51,627.03,591.59204359,2021-01-02 15:30:00+00:00
159,1609602300,623.7,628.94,626.71,628.61,475.24131622,2021-01-02 15:45:00+00:00
160,1609603200,626.09,634.05,628.93,627.14,2370.68035983,2021-01-02 16:00:00+00:00
161,1609604100,626.08,630.99,626.64,628.71,695.91753641,2021-01-02 16:15:00+00:00
162,1609605000,628.26,636.79,628.68,630.63,1299.67334287,2021-01-02 16:30:00+00:00
163,1609605900,627.24,636.4,632.35,634.18,1735.78120695,2021-01-02 16:45:00+00:00
164,1609606800,631.11,636.8,635.1,631.99,1345.8089677,2021-01-02 17:00:00+00:00
165,1609607700,631.37,634.23,632.05,632.97,548.67240323,2021-01-02 17:15:00+00:00
166,1609608600,631.0,635.93,632.88,634.1,696.48964991,2021-01-02 17:30:00+00:00
167,1609609500,633.19,636.76,634.68,633.71,681.05647166,2021-01-02 17:45:00+00:00
168,1609610400,628.76,635.6,633.73,631.66,777.35364917,2021-01-02 18:00:00+00:00
169,1609611300,631.0,634.0,631.5,631.99,748.15846556,2021-01-02 18:15:00+00:00
170,1609612200,630.83,634.99,632.57,634.24,502.74189888,2021-01-02 18:30:00+00:00
171,1609613100,631.02,636.89,634.74,632.7,920.80748899,2021-01-02 18:45:00+00:00
172,1609614000,630.05,635.6,632.7,634.83,679.24319246,2021-01-02 19:00:00+00:00
173,1609614900,633.71,636.46,635.06,636.1,516.19946345,2021-01-02 19:15:00+00:00
174,1609615800,635.72,639.44,635.8,638.25,1186.29898926,2021-01-02 19:30:00+00:00
175,1609616700,637.0,639.75,638.25,637.83,608.8476215,2021-01-02 19:45:00+00:00
176,1609617600,628.25,638.79,637.78,633.0,1900.43904149,2021-01-02 20:00:00+00:00
177,1609618500,617.0,633.74,632.72,617.38,2552.86536635,2021-01-02 20:15:00+00:00
178,1609619400,597.26,619.47,617.35,602.82,3000.99293847,2021-01-02 20:30:00+00:00
179,1609620300,557.3,617.15,603.7,565.0,5513.11477838,2021-01-02 20:45:00+00:00
180,1609621200,560.0,614.96,565.01,595.75,5170.40486217,2021-01-02 21:00:00+00:00
181,1609622100,588.05,609.34,594.55,607.19,2730.89783434,2021-01-02 21:15:00+00:00
182,1609623000,606.16,617.99,607.18,616.37,1716.9898607,2021-01-02 21:30:00+00:00
183,1609623900,614.69,624.49,616.39,624.45,1052.4119106,2021-01-02 21:45:00+00:00
184,1609624800,621.34,624.5,623.9,624.5,845.55447445,2021-01-02 22:00:00+00:00
185,1609625700,623.96,626.82,624.37,625.04,577.00745792,2021-01-02 22:15:00+00:00
186,1609626600,625.03,628.7,625.42,628.16,772.39484359,2021-01-02 22:30:00+00:00
187,1609627500,625.69,628.16,627.79,627.09,359.27845559,2021-01-02 22:45:00+00:00
188,1609628400,618.83,627.08,627.08,620.64,603.57941246,2021-01-02 23:00:00+00:00
189,1609629300,620.03,627.67,620.5,627.37,691.13732615,2021-01-02 23:15:00+00:00
190,1609630200,623.82,627.96,627.31,623.99,678.29008182,2021-01-02 23:30:00+00:00
191,1609631100,622.88,626.0,624.61,623.2,376.43099523,2021-01-02 23:45:00+00:00
192,1609632000,621.06,627.0,623.99,622.56,417.34108639,2021-01-03 00:00:00+00:00
193,1609632900,619.85,622.33,622.22,622.09,225.85102804,2021-01-03 00:15:00+00:00
194,1609633800,621.74,624.9,621.75,624.08,234.06740868,2021-01-03 00:30:00+00:00
195,1609634700,622.91,625.45,623.92,623.43,175.27445896,2021-01-03 00:45:00+00:00
196,1609635600,621.42,625.45,623.42,623.23,501.21518491,2021-01-03 01:00:00+00:00
197,1609636500,623.06,624.55,623.06,623.99,85.0108345,2021-01-03 01:15:00+00:00
198,1609637400,622.13,624.81,624.22,623.55,149.31986467,2021-01-03 01:30:00+00:00
199,1609638300,622.44,625.45,623.5,623.93,91.91169171,2021-01-03 01:45:00+00:00
200,1609639200,623.06,625.36,623.65,624.12,56.03716405,2021-01-03 02:00:00+00:00
201,1609640100,623.21,624.74,623.74,624.4,45.90064844,2021-01-03 02:15:00+00:00
202,1609641000,622.83,624.39,624.39,624.0,127.35339164,2021-01-03 02:30:00+00:00
203,1609641900,624.19,626.78,624.36,624.99,101.25451762,2021-01-03 02:45:00+00:00
204,1609642800,621.0,624.92,624.87,621.52,65.03591855,2021-01-03 03:00:00+00:00
205,1609643700,620.52,622.11,621.0,620.52,55.1763391,2021-01-03 03:15:00+00:00
206,1609644600,618.14,620.59,620.52,619.02,185.33176927,2021-01-03 03:30:00+00:00
207,1609645500,616.38,619.57,618.76,617.17,83.47972639,2021-01-03 03:45:00+00:00
208,1609646400,616.34,618.45,617.01,617.31,34.80613891,2021-01-03 04:00:00+00:00
209,1609647300,613.08,617.3,617.3,615.36,73.29073185,2021-01-03 04:15:00+00:00
210,1609648200,614.28,615.87,615.34,615.18,65.05567538,2021-01-03 04:30:00+00:00
211,1609649100,615.16,618.64,615.16,617.9,148.0564124,2021-01-03 04:45:00+00:00
212,1609650000,616.27,619.8,617.91,616.45,342.49997416,2021-01-03 05:00:00+00:00
213,1609650900,614.13,622.0,616.51,618.73,299.85843339,2021-01-03 05:15:00+00:00
214,1609651800,617.71,621.84,618.9,620.03,309.74993321,2021-01-03 05:30:00+00:00
215,1609652700,619.21,621.93,619.52,621.19,229.11435246,2021-01-03 05:45:00+00:00
216,1609653600,619.77,628.01,620.96,628.01,446.91054544,2021-01-03 06:00:00+00:00
217,1609654500,627.63,631.75,628.01,629.07,530.65522868,2021-01-03 06:15:00+00:00
218,1609655400,627.85,632.19,629.51,630.79,190.35462691,2021-01-03 06:30:00+00:00
219,1609656300,630.0,633.22,630.77,633.2,121.50320781,2021-01-03 06:45:00+00:00
220,1609657200,630.59,633.04,633.03,632.83,191.07712271,2021-01-03 07:00:00+00:00
221,1609658100,630.0,633.85,632.52,630.43,483.33020317,2021-01-03 07:15:00+00:00
222,1609659000,625.42,631.21,630.43,628.6,594.6034447,2021-01-03 07:30:00+00:00
223,1609659900,622.96,628.55,627.92,623.84,693.80698409,2021-01-03 07:45:00+00:00
224,1609660800,621.2,631.09,623.16,623.44,429.94626379,2021-01-03 08:00:00+00:00
225,1609661700,623.32,632.5,623.48,630.76,506.89170604,2021-01-03 08:15:00+00:00
226,1609662600,630.14,638.72,630.31,638.2,787.32776221,2021-01-03 08:30:00+00:00
227,1609663500,636.1,645.0,638.1,643.38,1237.71146426,2021-01-03 08:45:00+00:00
228,1609664400,641.54,648.67,643.38,644.97,1063.92848254,2021-01-03 09:00:00+00:00
229,1609665300,640.51,646.57,644.89,642.42,723.64197557,2021-01-03 09:15:00+00:00
230,1609666200,640.38,646.61,642.4,642.34,903.36612664,2021-01-03 09:30:00+00:00
231,1609667100,641.85,645.0,642.35,643.91,665.62023184,2021-01-03 09:45:00+00:00
232,1609668000,643.32,650.0,643.33,649.04,1480.07637188,2021-01-03 10:00:00+00:00
233,1609668900,644.0,649.94,649.03,648.43,798.42186213,2021-01-03 10:15:00+00:00
234,1609669800,645.84,650.98,648.02,650.36,810.43906102,2021-01-03 10:30:00+00:00
235,1609670700,649.83,654.19,650.36,651.45,744.67503532,2021-01-03 10:45:00+00:00
236,1609671600,650.37,659.2,651.48,652.56,904.46430769,2021-01-03 11:00:00+00:00
237,1609672500,650.0,654.56,652.55,650.19,528.62077297,2021-01-03 11:15:00+00:00
238,1609673400,650.03,654.99,650.21,652.99,549.59966439,2021-01-03 11:30:00+00:00
239,1609674300,650.19,654.0,652.54,652.88,552.20312459,2021-01-03 11:45:00+00:00
240,1609675200,649.26,654.65,652.6,653.77,685.3928107,2021-01-03 12:00:00+00:00
241,1609676100,651.09,655.0,653.34,654.61,609.22899169,2021-01-03 12:15:00+00:00
242,1609677000,651.14,656.87,655.0,654.06,451.65577469,2021-01-03 12:30:00+00:00
243,1609677900,652.55,656.44,653.63,655.49,505.45782833,2021-01-03 12:45:00+00:00
244,1609678800,655.23,659.77,655.42,659.45,612.72408626,2021-01-03 13:00:00+00:00
245,1609679700,658.2,670.0,659.45,668.55,1194.36646294,2021-01-03 13:15:00+00:00
246,1609680600,665.5,693.96,669.09,686.64,2602.02679484,2021-01-03 13:30:00+00:00
247,1609681500,681.93,695.0,686.71,686.27,2379.80738837,2021-01-03 13:45:00+00:00
248,1609682400,667.38,688.29,686.11,686.6,2458.79066635,2021-01-03 14:00:00+00:00
249,1609683300,682.2,707.99,686.76,706.41,3101.61794559,2021-01-03 14:15:00+00:00
250,1609684200,700.03,720.0,706.39,709.85,4990.5932237,2021-01-03 14:30:00+00:00
251,1609685100,667.0,711.07,709.85,703.0,4220.22310966,2021-01-03 14:45:00+00:00
252,1609686000,685.0,706.99,703.0,697.98,3223.18213072,2021-01-03 15:00:00+00:00
253,1609686900,685.0,703.0,697.96,686.73,2781.45486526,2021-01-03 15:15:00+00:00
254,1609687800,679.88,696.85,686.78,694.47,2510.50315615,2021-01-03 15:30:00+00:00
255,1609688700,693.99,710.31,694.47,709.39,2145.59909557,2021-01-03 15:45:00+00:00
256,1609689600,708.73,743.75,709.99,732.0,4404.85034572,2021-01-03 16:00:00+00:00
257,1609690500,714.5,740.0,732.0,735.03,2874.52605766,2021-01-03 16:15:00+00:00
258,1609691400,720.0,740.0,736.78,736.84,2721.87078493,2021-01-03 16:30:00+00:00
259,1609692300,705.03,738.08,738.08,709.36,2943.85298466,2021-01-03 16:45:00+00:00
260,1609693200,691.1,736.85,709.37,707.91,3981.34198781,2021-01-03 17:00:00+00:00
261,1609694100,702.3,732.47,703.3,726.21,2215.91733515,2021-01-03 17:15:00+00:00
262,1609695000,715.01,734.0,726.22,721.99,1753.34751871,2021-01-03 17:30:00+00:00
263,1609695900,710.01,723.16,722.0,719.98,1720.56464542,2021-01-03 17:45:00+00:00
264,1609696800,705.0,722.62,719.97,717.23,1343.6591861,2021-01-03 18:00:00+00:00
265,1609697700,701.04,717.69,717.31,706.0,2105.27326889,2021-01-03 18:15:00+00:00
266,1609698600,690.0,710.0,701.79,703.38,2801.74968497,2021-01-03 18:30:00+00:00
267,1609699500,690.0,706.97,701.52,690.96,1551.310319,2021-01-03 18:45:00+00:00
268,1609700400,685.0,710.0,690.0,702.37,1706.63057442,2021-01-03 19:00:00+00:00
269,1609701300,699.9,710.0,702.45,702.94,1651.7567441,2021-01-03 19:15:00+00:00
270,1609702200,700.02,709.91,703.46,702.29,1759.01806457,2021-01-03 19:30:00+00:00
271,1609703100,702.37,715.95,702.9,715.21,1272.54555095,2021-01-03 19:45:00+00:00
272,1609704000,715.07,738.0,715.58,736.9,2273.53806818,2021-01-03 20:00:00+00:00
273,1609704900,733.01,747.0,736.67,746.59,2686.23511162,2021-01-03 20:15:00+00:00
274,1609705800,733.78,747.0,745.97,737.87,1846.34881969,2021-01-03 20:30:00+00:00
275,1609706700,719.69,739.0,738.11,734.0,1937.21680913,2021-01-03 20:45:00+00:00
276,1609707600,720.0,736.78,733.18,727.49,1098.85544841,2021-01-03 21:00:00+00:00
277,1609708500,721.0,737.14,727.23,735.83,819.57402688,2021-01-03 21:15:00+00:00
278,1609709400,730.5,739.0,735.64,735.66,890.23358451,2021-01-03 21:30:00+00:00
279,1609710300,734.1,740.11,736.58,736.83,944.39104161,2021-01-03 21:45:00+00:00
280,1609711200,732.12,738.2,736.83,738.2,1096.55423295,2021-01-03 22:00:00+00:00
281,1609712100,737.28,749.99,738.18,748.58,1213.436207,2021-01-03 22:15:00+00:00
282,1609713000,742.0,761.96,749.99,761.0,2886.77860597,2021-01-03 22:30:00+00:00
283,1609713900,755.78,769.0,761.96,764.36,2485.66927259,2021-01-03 22:45:00+00:00
284,1609714800,760.98,772.0,764.36,770.87,1946.03307109,2021-01-03 23:00:00+00:00
285,1609715700,761.29,771.92,770.2,767.42,1849.03560286,2021-01-03 23:15:00+00:00
286,1609716600,767.01,785.0,767.18,781.59,2106.32365867,2021-01-03 23:30:00+00:00
287,1609717500,741.32,782.78,780.5,759.24,2858.57318487,2021-01-03 23:45:00+00:00
288,1609718400,747.9,778.86,759.25,755.99,1450.4805632,2021-01-04 00:00:00+00:00
289,1609719300,746.51,773.05,756.2,749.97,1138.79566988,2021-01-04 00:15:00+00:00
290,1609720200,740.0,755.44,750.2,750.94,1297.74300447,2021-01-04 00:30:00+00:00
291,1609721100,749.58,761.45,750.71,757.77,607.72476857,2021-01-04 00:45:00+00:00
292,1609722000,751.65,759.53,757.18,753.03,429.3356394,2021-01-04 01:00:00+00:00
293,1609722900,745.0,755.37,752.55,746.64,490.55306251,2021-01-04 01:15:00+00:00
294,1609723800,738.67,750.61,745.44,739.76,708.6501655,2021-01-04 01:30:00+00:00
295,1609724700,738.81,749.55,739.76,747.0,324.06509707,2021-01-04 01:45:00+00:00
296,1609725600,742.46,755.0,747.0,751.68,802.02171426,2021-01-04 02:00:00+00:00
0,1609726500,747.32,752.67,751.68,748.85,129.81704889,2021-01-04 02:15:00+00:00
1,1609727400,745.92,751.25,749.42,750.5,210.12352403,2021-01-04 02:30:00+00:00
2,1609728300,750.24,757.89,750.25,757.89,390.26511691,2021-01-04 02:45:00+00:00
3,1609729200,756.23,761.9,757.89,761.05,275.96577568,2021-01-04 03:00:00+00:00
4,1609730100,759.81,769.68,760.51,765.4,244.03446684,2021-01-04 03:15:00+00:00
5,1609731000,765.17,778.57,765.8,773.94,329.65739486,2021-01-04 03:30:00+00:00
6,1609731900,773.46,789.31,773.46,787.23,560.70214052,2021-01-04 03:45:00+00:00
7,1609732800,779.67,792.13,786.42,791.81,738.54189422,2021-01-04 04:00:00+00:00
8,1609733700,787.04,793.72,791.83,792.23,314.25784472,2021-01-04 04:15:00+00:00
9,1609734600,778.8,792.22,792.22,782.24,353.89535285,2021-01-04 04:30:00+00:00
10,1609735500,777.77,786.14,782.13,784.14,384.76416977,2021-01-04 04:45:00+00:00
11,1609736400,775.63,794.0,782.9,791.82,349.12452845,2021-01-04 05:00:00+00:00
12,1609737300,790.03,800.0,793.01,797.15,1468.19383301,2021-01-04 05:15:00+00:00
13,1609738200,793.2,801.89,799.95,798.33,1036.47154127,2021-01-04 05:30:00+00:00
14,1609739100,796.72,829.98,796.77,826.0,2130.37273793,2021-01-04 05:45:00+00:00
15,1609740000,820.0,838.0,826.01,833.14,1674.04761649,2021-01-04 06:00:00+00:00
16,1609740900,827.41,875.0,833.15,856.68,2475.28519413,2021-01-04 06:15:00+00:00
17,1609741800,850.03,894.0,857.12,878.4,2801.29771313,2021-01-04 06:30:00+00:00
18,1609742700,820.59,884.54,878.4,847.86,3824.40936201,2021-01-04 06:45:00+00:00
19,1609743600,825.24,865.74,847.93,839.88,3319.85620004,2021-01-04 07:00:00+00:00
20,1609744500,780.0,855.99,838.59,819.08,5442.87873876,2021-01-04 07:15:00+00:00
21,1609745400,790.0,830.95,820.67,790.43,3406.73070097,2021-01-04 07:30:00+00:00
22,1609746300,781.0,809.64,791.1,785.23,3406.09069939,2021-01-04 07:45:00+00:00
23,1609747200,775.21,818.78,785.19,780.68,3077.85499479,2021-01-04 08:00:00+00:00
24,1609748100,770.5,808.99,778.43,803.56,3062.06147478,2021-01-04 08:15:00+00:00
25,1609749000,761.06,814.97,803.55,770.0,3252.52692999,2021-01-04 08:30:00+00:00
26,1609749900,760.0,800.0,768.04,784.55,2978.1351947,2021-01-04 08:45:00+00:00
27,1609750800,761.0,785.0,783.54,769.66,1661.97414625,2021-01-04 09:00:00+00:00
28,1609751700,735.0,774.99,769.31,740.86,3443.6428663,2021-01-04 09:15:00+00:00
29,1609752600,700.0,741.5,739.55,730.44,6908.53347281,2021-01-04 09:30:00+00:00
30,1609753500,725.0,760.0,730.43,734.0,4472.54192269,2021-01-04 09:45:00+00:00
31,1609754400,700.0,749.99,734.64,703.02,3188.00117932,2021-01-04 10:00:00+00:00
32,1609755300,690.02,725.0,703.01,720.66,4890.23535191,2021-01-04 10:15:00+00:00
33,1609756200,710.0,745.52,723.0,744.98,2587.73555519,2021-01-04 10:30:00+00:00
34,1609757100,736.0,780.64,744.81,775.43,4125.99967949,2021-01-04 10:45:00+00:00
35,1609758000,736.0,785.0,776.53,759.69,3190.10368377,2021-01-04 11:00:00+00:00
36,1609758900,755.0,780.18,761.82,772.98,2443.33807632,2021-01-04 11:15:00+00:00
37,1609759800,760.13,775.0,772.97,770.86,1421.32257454,2021-01-04 11:30:00+00:00
38,1609760700,765.57,796.86,771.55,792.03,2015.84789421,2021-01-04 11:45:00+00:00
39,1609761600,774.79,795.0,792.37,790.77,2149.92229358,2021-01-04 12:00:00+00:00
40,1609762500,788.73,802.0,790.75,798.73,2297.98712459,2021-01-04 12:15:00+00:00
41,1609763400,796.78,824.51,798.66,820.4,3293.96617916,2021-01-04 12:30:00+00:00
42,1609764300,817.0,842.64,820.2,828.78,3120.64236677,2021-01-04 12:45:00+00:00
43,1609765200,806.06,829.27,829.1,812.69,2832.39958744,2021-01-04 13:00:00+00:00
44,1609766100,794.99,821.19,813.22,817.1,2909.33757457,2021-01-04 13:15:00+00:00
45,1609767000,806.0,818.46,817.77,809.29,1408.38672792,2021-01-04 13:30:00+00:00
46,1609767900,801.05,824.5,808.46,822.92,1248.72524378,2021-01-04 13:45:00+00:00
47,1609768800,815.53,836.0,823.2,816.03,2258.50124753,2021-01-04 14:00:00+00:00
48,1609769700,816.04,831.75,816.43,829.0,1256.40225431,2021-01-04 14:15:00+00:00
49,1609770600,823.04,836.31,828.51,832.24,1315.84223436,2021-01-04 14:30:00+00:00
50,1609771500,827.26,850.0,832.49,849.5,2241.24786443,2021-01-04 14:45:00+00:00
51,1609772400,839.15,853.48,849.08,844.15,2682.47155304,2021-01-04 15:00:00+00:00
52,1609773300,841.47,861.37,844.08,861.37,1598.25944585,2021-01-04 15:15:00+00:00
53,1609774200,847.34,860.88,860.88,856.69,1563.25413237,2021-01-04 15:30:00+00:00
54,1609775100,835.72,856.18,855.64,847.08,1865.92270706,2021-01-04 15:45:00+00:00
55,1609776000,801.03,852.66,847.47,813.04,4073.84496105,2021-01-04 16:00:00+00:00
56,1609776900,800.0,825.82,812.63,818.5,3155.72581245,2021-01-04 16:15:00+00:00
57,1609777800,802.23,818.52,818.51,815.6,1929.48879048,2021-01-04 16:30:00+00:00
58,1609778700,813.41,828.84,815.38,824.65,1562.37851341,2021-01-04 16:45:00+00:00
59,1609779600,816.24,837.92,824.55,817.6,1649.8230858,2021-01-04 17:00:00+00:00
60,1609780500,810.04,824.84,817.6,816.58,1472.81720218,2021-01-04 17:15:00+00:00
61,1609781400,811.54,821.97,816.47,812.12,1038.05528063,2021-01-04 17:30:00+00:00
62,1609782300,805.0,817.68,812.13,815.44,1724.83007885,2021-01-04 17:45:00+00:00
63,1609783200,814.77,831.14,815.96,827.72,1362.16562988,2021-01-04 18:00:00+00:00
64,1609784100,820.33,834.88,828.24,834.62,1380.46539331,2021-01-04 18:15:00+00:00
65,1609785000,827.32,837.23,834.99,833.84,1008.51025157,2021-01-04 18:30:00+00:00
66,1609785900,824.53,837.46,834.08,829.79,1138.12324107,2021-01-04 18:45:00+00:00
67,1609786800,826.32,835.5,828.82,828.83,817.82170872,2021-01-04 19:00:00+00:00
68,1609787700,827.81,837.71,828.83,837.51,693.89081545,2021-01-04 19:15:00+00:00
69,1609788600,836.67,854.75,836.82,848.32,1548.32612995,2021-01-04 19:30:00+00:00
70,1609789500,845.0,852.64,848.57,850.84,1052.15112592,2021-01-04 19:45:00+00:00
71,1609790400,839.58,856.0,850.65,847.05,1112.82464994,2021-01-04 20:00:00+00:00
72,1609791300,843.79,856.0,847.21,845.46,1086.4301677,2021-01-04 20:15:00+00:00
73,1609792200,837.4,849.13,845.79,841.54,926.08450798,2021-01-04 20:30:00+00:00
74,1609793100,830.73,846.71,841.97,833.25,836.6276514,2021-01-04 20:45:00+00:00
75,1609794000,833.0,844.8,833.25,844.8,548.63915071,2021-01-04 21:00:00+00:00
76,1609794900,815.58,845.94,844.8,821.71,1583.8145292,2021-01-04 21:15:00+00:00
77,1609795800,811.3,827.28,822.17,814.08,1682.47717808,2021-01-04 21:30:00+00:00
78,1609796700,812.0,826.58,814.09,822.07,1226.77205887,2021-01-04 21:45:00+00:00
79,1609797600,820.0,826.92,822.4,824.18,442.86388325,2021-01-04 22:00:00+00:00
80,1609798500,824.17,830.97,824.8,829.73,477.90195774,2021-01-04 22:15:00+00:00
81,1609799400,823.43,834.23,829.95,834.19,559.67424999,2021-01-04 22:30:00+00:00
82,1609800300,823.39,835.69,833.58,825.76,684.80170683,2021-01-04 22:45:00+00:00
83,1609801200,817.0,826.98,826.3,820.52,619.60420186,2021-01-04 23:00:00+00:00
84,1609802100,817.2,836.0,819.84,834.98,544.08739717,2021-01-04 23:15:00+00:00
85,1609803000,830.1,848.02,834.51,848.02,1328.84852101,2021-01-04 23:30:00+00:00
86,1609803900,843.21,852.35,847.47,849.49,1359.55370789,2021-01-04 23:45:00+00:00
87,1609804800,849.0,890.99,849.0,889.9,4155.95893948,2021-01-05 00:00:00+00:00
88,1609805700,878.62,895.26,889.91,889.81,2928.67175418,2021-01-05 00:15:00+00:00
89,1609806600,886.23,921.0,889.38,920.16,4483.39643783,2021-01-05 00:30:00+00:00
90,1609807500,883.93,923.64,920.98,891.96,3736.94312928,2021-01-05 00:45:00+00:00
91,1609808400,881.85,910.62,891.96,888.33,2008.20107052,2021-01-05 01:00:00+00:00
92,1609809300,869.99,889.6,888.03,889.6,2290.49633751,2021-01-05 01:15:00+00:00
93,1609810200,887.87,902.89,889.6,888.4,1697.80412238,2021-01-05 01:30:00+00:00
94,1609811100,880.26,909.29,887.89,907.96,1147.01601489,2021-01-05 01:45:00+00:00
95,1609812000,890.51,909.65,908.59,895.67,1126.03627685,2021-01-05 02:00:00+00:00
96,1609812900,883.92,900.26,895.76,889.85,894.62468395,2021-01-05 02:15:00+00:00
97,1609813800,871.22,889.21,889.02,877.66,808.49985603,2021-01-05 02:30:00+00:00
98,1609814700,873.88,886.14,876.81,878.56,621.27271796,2021-01-05 02:45:00+00:00
99,1609815600,871.77,884.92,879.0,882.96,559.91142365,2021-01-05 03:00:00+00:00
100,1609816500,850.0,885.0,883.4,853.18,1672.86257087,2021-01-05 03:15:00+00:00
101,1609817400,827.89,861.18,853.17,836.42,1826.30677975,2021-01-05 03:30:00+00:00
102,1609818300,811.67,838.57,836.1,816.86,2955.86046399,2021-01-05 03:45:00+00:00
103,1609819200,806.57,833.86,818.18,809.43,2195.03561402,2021-01-05 04:00:00+00:00
104,1609820100,806.2,834.97,809.68,825.82,1183.96149578,2021-01-05 04:15:00+00:00
105,1609821000,824.55,840.0,826.15,837.02,1248.72839225,2021-01-05 04:30:00+00:00
106,1609821900,815.54,841.89,836.22,818.51,821.97956676,2021-01-05 04:45:00+00:00
107,1609822800,818.6,835.0,818.64,824.8,910.36647144,2021-01-05 05:00:00+00:00
108,1609823700,810.87,828.68,824.02,821.48,945.56017048,2021-01-05 05:15:00+00:00
109,1609824600,816.26,829.8,820.9,817.51,526.98496874,2021-01-05 05:30:00+00:00
110,1609825500,795.08,819.62,818.57,807.32,2519.53882587,2021-01-05 05:45:00+00:00
111,1609826400,799.04,820.32,806.47,803.63,1652.55243799,2021-01-05 06:00:00+00:00
112,1609827300,803.18,818.74,804.07,817.1,879.11486863,2021-01-05 06:15:00+00:00
113,1609828200,816.05,830.0,816.98,826.03,1045.93891044,2021-01-05 06:30:00+00:00
114,1609829100,824.85,833.0,824.86,828.25,608.46973046,2021-01-05 06:45:00+00:00
115,1609830000,820.85,835.74,828.1,826.86,375.26859079,2021-01-05 07:00:00+00:00
116,1609830900,822.69,832.41,826.84,829.19,365.32082138,2021-01-05 07:15:00+00:00
117,1609831800,819.22,828.58,828.58,825.0,598.6206654,2021-01-05 07:30:00+00:00
118,1609832700,817.48,825.53,825.0,818.8,445.19038351,2021-01-05 07:45:00+00:00
119,1609833600,819.19,845.0,819.19,843.16,891.9526577,2021-01-05 08:00:00+00:00
120,1609834500,839.47,851.0,842.48,839.47,984.16251112,2021-01-05 08:15:00+00:00
121,1609835400,832.04,846.36,839.47,832.91,676.75444784,2021-01-05 08:30:00+00:00
122,1609836300,832.71,841.47,833.04,837.96,488.9045888,2021-01-05 08:45:00+00:00
123,1609837200,833.42,844.68,837.96,840.67,879.60824977,2021-01-05 09:00:00+00:00
124,1609838100,841.11,853.0,841.54,852.42,731.27829585,2021-01-05 09:15:00+00:00
125,1609839000,845.13,856.52,851.85,854.58,1260.47177237,2021-01-05 09:30:00+00:00
126,1609839900,843.29,854.97,853.85,845.49,800.14527437,2021-01-05 09:45:00+00:00
127,1609840800,836.73,850.0,846.0,840.55,1050.93305645,2021-01-05 10:00:00+00:00
128,1609841700,840.07,849.95,840.54,847.65,366.37223026,2021-01-05 10:15:00+00:00
129,1609842600,827.03,847.98,847.98,833.11,1218.08311411,2021-01-05 10:30:00+00:00
130,1609843500,828.67,840.86,833.01,839.29,695.69840408,2021-01-05 10:45:00+00:00
131,1609844400,835.71,845.06,839.29,841.84,418.17632823,2021-01-05 11:00:00+00:00
132,1609845300,835.64,842.36,841.78,841.12,618.12253153,2021-01-05 11:15:00+00:00
133,1609846200,838.78,849.1,840.15,848.99,360.7761878,2021-01-05 11:30:00+00:00
134,1609847100,845.0,853.12,848.26,850.0,823.34290211,2021-01-05 11:45:00+00:00
135,1609848000,843.61,860.0,850.0,849.14,1122.35619959,2021-01-05 12:00:00+00:00
136,1609848900,845.26,855.9,849.13,847.0,456.95433339,2021-01-05 12:15:00+00:00
137,1609849800,841.77,849.0,847.17,845.88,626.7935652,2021-01-05 12:30:00+00:00
138,1609850700,839.71,850.0,845.87,840.26,570.39108973,2021-01-05 12:45:00+00:00
139,1609851600,839.73,849.62,840.05,848.49,283.81906921,2021-01-05 13:00:00+00:00
140,1609852500,843.37,850.03,848.23,847.25,325.91837455,2021-01-05 13:15:00+00:00
141,1609853400,843.02,849.6,845.9,848.42,441.20274167,2021-01-05 13:30:00+00:00
142,1609854300,836.0,848.66,848.6,837.4,479.47424627,2021-01-05 13:45:00+00:00
143,1609855200,818.59,838.85,837.27,828.07,1824.70232388,2021-01-05 14:00:00+00:00
144,1609856100,825.15,836.35,828.04,834.86,752.49049132,2021-01-05 14:15:00+00:00
145,1609857000,832.96,848.27,834.86,847.01,810.96736077,2021-01-05 14:30:00+00:00
146,1609857900,842.91,856.86,846.37,855.14,1580.60861515,2021-01-05 14:45:00+00:00
147,1609858800,846.44,857.0,855.37,849.64,779.49023094,2021-01-05 15:00:00+00:00
148,1609859700,849.1,869.0,849.11,860.02,1052.45200255,2021-01-05 15:15:00+00:00
149,1609860600,852.67,861.75,860.18,855.13,728.87007591,2021-01-05 15:30:00+00:00
150,1609861500,852.48,860.0,855.21,859.77,528.50484494,2021-01-05 15:45:00+00:00
151,1609862400,846.76,863.46,859.84,862.38,822.82248141,2021-01-05 16:00:00+00:00
152,1609863300,861.74,883.64,862.35,877.94,2064.95051243,2021-01-05 16:15:00+00:00
153,1609864200,867.49,877.67,877.18,870.49,1196.04234136,2021-01-05 16:30:00+00:00
154,1609865100,863.02,871.96,871.79,868.58,705.48679588,2021-01-05 16:45:00+00:00
155,1609866000,865.37,875.0,868.57,865.4,707.22401865,2021-01-05 17:00:00+00:00
156,1609866900,864.44,872.66,866.12,868.45,788.74304205,2021-01-05 17:15:00+00:00
157,1609867800,865.03,875.0,867.21,873.25,758.20044485,2021-01-05 17:30:00+00:00
158,1609868700,872.64,884.0,872.97,881.38,632.50314254,2021-01-05 17:45:00+00:00
159,1609869600,881.46,892.2,881.47,888.71,1016.60605025,2021-01-05 18:00:00+00:00
160,1609870500,875.53,888.31,888.21,879.18,1222.76430665,2021-01-05 18:15:00+00:00
161,1609871400,872.5,884.78,879.16,883.53,918.02697236,2021-01-05 18:30:00+00:00
162,1609872300,875.44,888.46,883.52,876.21,1017.57490117,2021-01-05 18:45:00+00:00
163,1609873200,865.03,880.0,876.33,870.87,794.80835284,2021-01-05 19:00:00+00:00
164,1609874100,851.61,872.53,871.59,865.22,1160.62302863,2021-01-05 19:15:00+00:00
165,1609875000,864.37,898.83,864.37,887.55,2745.96188481,2021-01-05 19:30:00+00:00
166,1609875900,884.7,901.0,889.11,892.56,2633.5539121,2021-01-05 19:45:00+00:00
167,1609876800,878.0,894.18,893.65,886.16,1465.19757085,2021-01-05 20:00:00+00:00
168,1609877700,880.0,888.72,885.28,885.95,794.33287236,2021-01-05 20:15:00+00:00
169,1609878600,884.43,894.0,885.95,894.0,1109.73089823,2021-01-05 20:30:00+00:00
170,1609879500,885.1,898.0,893.4,895.26,790.1992592,2021-01-05 20:45:00+00:00
171,1609880400,888.01,898.55,895.41,892.35,533.33737044,2021-01-05 21:00:00+00:00
172,1609881300,887.3,895.52,891.3,889.0,557.60935638,2021-01-05 21:15:00+00:00
173,1609882200,888.79,898.0,888.79,890.85,675.35147738,2021-01-05 21:30:00+00:00
174,1609883100,875.7,890.75,890.29,881.93,1450.77828799,2021-01-05 21:45:00+00:00
175,1609884000,882.0,892.05,882.0,889.43,685.3247403,2021-01-05 22:00:00+00:00
176,1609884900,888.71,896.66,889.0,893.72,740.346394,2021-01-05 22:15:00+00:00
177,1609885800,890.94,913.71,893.23,911.96,1630.03490544,2021-01-05 22:30:00+00:00
178,1609886700,897.14,912.19,911.8,903.24,1704.73538536,2021-01-05 22:45:00+00:00
179,1609887600,897.0,908.85,903.26,902.58,1267.37288758,2021-01-05 23:00:00+00:00
180,1609888500,882.63,903.51,901.72,889.58,1565.98307904,2021-01-05 23:15:00+00:00
181,1609889400,889.48,895.0,889.8,890.89,568.01586552,2021-01-05 23:30:00+00:00
182,1609890300,886.5,899.9,890.89,896.35,482.88387662,2021-01-05 23:45:00+00:00
183,1609891200,878.69,904.0,896.74,888.65,792.11748679,2021-01-06 00:00:00+00:00
184,1609892100,867.01,888.1,888.1,877.32,1179.79112465,2021-01-06 00:15:00+00:00
185,1609893000,875.16,882.25,877.51,879.72,320.15336576,2021-01-06 00:30:00+00:00
186,1609893900,870.23,881.75,879.0,880.92,263.57215527,2021-01-06 00:45:00+00:00
187,1609894800,871.45,883.06,882.14,879.45,209.00077461,2021-01-06 01:00:00+00:00
188,1609895700,872.57,882.01,878.76,873.81,159.5336834,2021-01-06 01:15:00+00:00
189,1609896600,861.5,874.21,873.17,869.9,468.0692802,2021-01-06 01:30:00+00:00
190,1609897500,863.93,874.35,868.54,873.02,135.09586175,2021-01-06 01:45:00+00:00
191,1609898400,872.34,883.03,872.94,881.94,133.42773501,2021-01-06 02:00:00+00:00
192,1609899300,877.82,884.69,881.93,878.56,215.99468765,2021-01-06 02:15:00+00:00
193,1609900200,875.04,883.94,878.29,879.77,54.8524053,2021-01-06 02:30:00+00:00
194,1609901100,877.68,884.55,878.83,878.84,56.4801177,2021-01-06 02:45:00+00:00
195,1609902000,874.94,882.27,880.21,875.21,123.94858449,2021-01-06 03:00:00+00:00
196,1609902900,868.16,874.63,874.63,868.32,87.73342808,2021-01-06 03:15:00+00:00
197,1609903800,865.15,873.56,868.15,867.74,160.69222581,2021-01-06 03:30:00+00:00
198,1609904700,866.92,877.86,866.92,876.9,71.17408024,2021-01-06 03:45:00+00:00
199,1609905600,874.19,894.76,876.25,894.76,384.79374493,2021-01-06 04:00:00+00:00
200,1609906500,892.41,921.74,894.84,916.38,2360.58562222,2021-01-06 04:15:00+00:00
201,1609907400,900.96,921.02,916.04,910.15,1242.4117676,2021-01-06 04:30:00+00:00
202,1609908300,903.12,915.96,909.57,910.69,254.17949487,2021-01-06 04:45:00+00:00
203,1609909200,905.98,916.69,911.25,909.01,449.12245934,2021-01-06 05:00:00+00:00
204,1609910100,898.3,911.06,908.71,902.0,564.20850225,2021-01-06 05:15:00+00:00
205,1609911000,886.08,907.69,902.0,886.91,663.44423214,2021-01-06 05:30:00+00:00
206,1609911900,881.76,897.93,886.1,897.93,323.8071892,2021-01-06 05:45:00+00:00
207,1609912800,894.73,910.74,897.25,906.62,546.78096654,2021-01-06 06:00:00+00:00
208,1609913700,901.79,910.63,906.1,904.06,399.4871431,2021-01-06 06:15:00+00:00
209,1609914600,898.15,905.67,903.53,900.09,436.66078176,2021-01-06 06:30:00+00:00
210,1609915500,900.0,908.21,900.83,906.86,472.14835049,2021-01-06 06:45:00+00:00
211,1609916400,906.03,913.99,906.03,911.05,383.49280769,2021-01-06 07:00:00+00:00
212,1609917300,904.85,911.93,910.61,907.99,449.25584609,2021-01-06 07:15:00+00:00
213,1609918200,895.0,907.57,907.14,899.34,930.66344688,2021-01-06 07:30:00+00:00
214,1609919100,887.41,901.99,898.48,899.2,876.18100268,2021-01-06 07:45:00+00:00
215,1609920000,899.43,913.0,900.09,903.63,980.76888826,2021-01-06 08:00:00+00:00
216,1609920900,890.68,904.48,902.83,891.07,851.86849224,2021-01-06 08:15:00+00:00
217,1609921800,888.0,899.3,891.21,895.95,928.10093664,2021-01-06 08:30:00+00:00
218,1609922700,893.05,904.19,896.65,903.03,909.93884049,2021-01-06 08:45:00+00:00
219,1609923600,890.58,904.49,903.67,896.9,1084.75102767,2021-01-06 09:00:00+00:00
220,1609924500,887.82,898.47,896.79,896.31,709.89588047,2021-01-06 09:15:00+00:00
221,1609925400,891.52,900.3,895.2,898.33,518.81155231,2021-01-06 09:30:00+00:00
222,1609926300,893.01,900.13,897.72,895.23,376.27546973,2021-01-06 09:45:00+00:00
223,1609927200,893.08,903.57,894.91,901.65,550.68629456,2021-01-06 10:00:00+00:00
224,1609928100,899.24,904.44,901.17,900.56,579.03135035,2021-01-06 10:15:00+00:00
225,1609929000,899.08,910.0,900.59,906.42,1149.02087103,2021-01-06 10:30:00+00:00
226,1609929900,906.57,914.02,906.97,908.15,1033.16908034,2021-01-06 10:45:00+00:00
227,1609930800,904.79,935.0,908.23,934.47,2392.04302999,2021-01-06 11:00:00+00:00
228,1609931700,924.64,947.7,934.99,928.04,2430.59845115,2021-01-06 11:15:00+00:00
229,1609932600,922.2,938.0,927.69,934.11,1286.82114295,2021-01-06 11:30:00+00:00
230,1609933500,928.87,941.69,934.0,938.69,1061.65719666,2021-01-06 11:45:00+00:00
231,1609934400,927.15,944.48,937.94,934.52,1027.42282436,2021-01-06 12:00:00+00:00
232,1609935300,928.55,937.56,934.17,933.52,977.43180326,2021-01-06 12:15:00+00:00
233,1609936200,920.0,933.69,933.54,921.5,1315.36423727,2021-01-06 12:30:00+00:00
234,1609937100,916.0,932.76,921.33,931.19,1078.88065476,2021-01-06 12:45:00+00:00
235,1609938000,921.45,935.47,931.64,922.67,800.91497256,2021-01-06 13:00:00+00:00
236,1609938900,917.51,926.97,923.35,921.25,1036.63742796,2021-01-06 13:15:00+00:00
237,1609939800,914.02,923.59,921.25,920.61,1765.13237845,2021-01-06 13:30:00+00:00
238,1609940700,914.0,927.61,920.01,925.59,807.61100236,2021-01-06 13:45:00+00:00
239,1609941600,918.2,925.8,925.53,919.23,599.5642689,2021-01-06 14:00:00+00:00
240,1609942500,919.69,935.17,920.08,935.17,929.65606632,2021-01-06 14:15:00+00:00
241,1609943400,930.77,937.0,935.11,933.43,671.47365246,2021-01-06 14:30:00+00:00
242,1609944300,921.19,933.69,933.5,925.48,641.09693471,2021-01-06 14:45:00+00:00
243,1609945200,923.21,932.66,925.09,932.08,708.26764776,2021-01-06 15:00:00+00:00
244,1609946100,931.05,934.88,932.38,934.28,251.34877247,2021-01-06 15:15:00+00:00
245,1609947000,934.8,941.78,934.9,940.2,508.29359219,2021-01-06 15:30:00+00:00
246,1609947900,931.5,940.0,940.0,939.3,243.37872681,2021-01-06 15:45:00+00:00
247,1609948800,939.24,961.29,939.35,952.64,2104.43078351,2021-01-06 16:00:00+00:00
248,1609949700,951.89,971.0,952.6,961.83,2018.43249785,2021-01-06 16:15:00+00:00
249,1609950600,958.86,974.0,961.37,966.99,1641.00843864,2021-01-06 16:30:00+00:00
250,1609951500,946.47,971.2,965.65,957.9,1458.39370017,2021-01-06 16:45:00+00:00
251,1609952400,955.48,968.92,957.89,965.29,1516.32987969,2021-01-06 17:00:00+00:00
252,1609953300,960.51,974.0,965.75,973.38,1032.83600371,2021-01-06 17:15:00+00:00
253,1609954200,967.68,976.84,973.16,976.0,1143.14771079,2021-01-06 17:30:00+00:00
254,1609955100,966.66,986.15,975.23,972.69,1817.88827673,2021-01-06 17:45:00+00:00
255,1609956000,972.33,986.0,972.69,978.8,1496.80091157,2021-01-06 18:00:00+00:00
256,1609956900,970.03,980.32,979.31,971.12,902.8736966,2021-01-06 18:15:00+00:00
257,1609957800,965.39,975.4,971.0,971.08,965.19154836,2021-01-06 18:30:00+00:00
258,1609958700,967.06,976.61,972.02,970.92,969.30341019,2021-01-06 18:45:00+00:00
259,1609959600,967.76,985.01,971.91,977.88,1347.74711009,2021-01-06 19:00:00+00:00
260,1609960500,974.51,981.98,977.73,979.01,991.59752074,2021-01-06 19:15:00+00:00
261,1609961400,962.0,980.85,978.52,968.55,1856.5405302,2021-01-06 19:30:00+00:00
262,1609962300,941.01,969.99,969.23,945.65,2261.74836225,2021-01-06 19:45:00+00:00
263,1609963200,909.93,960.0,945.45,919.24,5695.30641011,2021-01-06 20:00:00+00:00
264,1609964100,913.99,958.81,918.45,952.59,3370.79565115,2021-01-06 20:15:00+00:00
265,1609965000,941.22,960.99,951.5,951.54,1527.92264765,2021-01-06 20:30:00+00:00
266,1609965900,950.35,982.0,951.62,973.03,3252.77687097,2021-01-06 20:45:00+00:00
267,1609966800,952.06,979.03,973.37,965.64,2030.69497826,2021-01-06 21:00:00+00:00
268,1609967700,953.04,972.0,965.78,958.45,1283.05043223,2021-01-06 21:15:00+00:00
269,1609968600,955.72,967.62,957.69,962.59,992.69683039,2021-01-06 21:30:00+00:00
270,1609969500,955.73,966.99,963.03,960.0,611.5597397,2021-01-06 21:45:00+00:00
271,1609970400,954.42,967.45,959.97,967.33,659.0385238,2021-01-06 22:00:00+00:00
272,1609971300,965.68,970.0,967.32,969.58,389.14845195,2021-01-06 22:15:00+00:00
273,1609972200,960.41,970.38,969.58,968.51,463.71344856,2021-01-06 22:30:00+00:00
274,1609973100,956.5,968.96,968.5,957.64,707.28624302,2021-01-06 22:45:00+00:00
275,1609974000,956.0,966.78,957.63,962.37,433.94070567,2021-01-06 23:00:00+00:00
276,1609974900,960.07,967.0,962.02,964.48,517.27151143,2021-01-06 23:15:00+00:00
277,1609975800,962.63,971.0,965.49,971.0,563.56511109,2021-01-06 23:30:00+00:00
278,1609976700,968.27,983.0,970.88,980.88,1155.38240595,2021-01-06 23:45:00+00:00
279,1609977600,969.6,989.04,980.72,969.6,1685.41343155,2021-01-07 00:00:00+00:00
280,1609978500,962.0,979.97,969.92,978.02,803.68485014,2021-01-07 00:15:00+00:00
281,1609979400,976.78,983.88,978.08,983.23,639.87797898,2021-01-07 00:30:00+00:00
282,1609980300,972.06,982.53,981.81,972.68,378.34259501,2021-01-07 00:45:00+00:00
283,1609981200,971.03,980.0,974.27,975.43,357.14919939,2021-01-07 01:00:00+00:00
284,1609982100,972.65,982.49,975.05,976.52,300.47908553,2021-01-07 01:15:00+00:00
285,1609983000,972.51,980.09,976.3,977.3,176.31566346,2021-01-07 01:30:00+00:00
286,1609983900,971.51,978.25,977.57,974.75,217.99241864,2021-01-07 01:45:00+00:00
287,1609984800,967.66,978.2,974.76,968.35,337.07175057,2021-01-07 02:00:00+00:00
288,1609985700,958.97,968.56,968.56,966.57,363.17570879,2021-01-07 02:15:00+00:00
289,1609986600,962.61,973.78,966.1,971.54,123.56524665,2021-01-07 02:30:00+00:00
290,1609987500,964.68,975.95,970.9,971.44,378.65867003,2021-01-07 02:45:00+00:00
291,1609988400,970.09,977.74,971.54,974.78,262.33639662,2021-01-07 03:00:00+00:00
292,1609989300,973.0,989.79,974.13,989.79,576.64719516,2021-01-07 03:15:00+00:00
293,1609990200,983.53,994.7,988.72,994.39,756.28196408,2021-01-07 03:30:00+00:00
294,1609991100,983.57,994.63,994.63,986.49,491.64489344,2021-01-07 03:45:00+00:00
295,1609992000,978.35,988.45,986.09,981.4,455.49204453,2021-01-07 04:00:00+00:00
296,1609992900,976.22,983.88,980.91,979.97,219.05616464,2021-01-07 04:15:00+00:00
297,1609993800,979.92,987.25,979.92,986.98,176.74197423,2021-01-07 04:30:00+00:00
298,1609994700,983.0,987.53,987.36,984.26,200.19279414,2021-01-07 04:45:00+00:00
299,1609995600,978.47,987.33,984.17,981.91,169.8775799,2021-01-07 05:00:00+00:00
0,1609996500,980.0,986.92,981.98,985.17,195.41286135,2021-01-07 05:15:00+00:00
1,1609997400,980.38,990.43,985.19,980.86,174.95785263,2021-01-07 05:30:00+00:00
2,1609998300,979.32,986.5,980.16,983.36,128.55735406,2021-01-07 05:45:00+00:00
3,1609999200,979.13,985.91,983.35,979.53,234.91116946,2021-01-07 06:00:00+00:00
4,1610000100,963.6,981.89,979.31,967.83,693.87712408,2021-01-07 06:15:00+00:00
5,1610001000,968.06,978.31,968.72,974.45,382.16161192,2021-01-07 06:30:00+00:00
6,1610001900,972.75,978.51,974.0,975.73,234.65322902,2021-01-07 06:45:00+00:00
7,1610002800,970.87,979.28,975.73,979.21,314.69987876,2021-01-07 07:00:00+00:00
8,1610003700,972.38,980.0,979.17,973.4,273.17981851,2021-01-07 07:15:00+00:00
9,1610004600,965.18,973.67,973.56,969.97,556.09969622,2021-01-07 07:30:00+00:00
10,1610005500,961.14,969.71,968.95,965.52,674.02191728,2021-01-07 07:45:00+00:00
11,1610006400,965.15,971.37,965.15,967.1,755.02544895,2021-01-07 08:00:00+00:00
12,1610007300,944.65,966.9,966.29,959.06,2564.81229259,2021-01-07 08:15:00+00:00
13,1610008200,956.45,971.63,959.36,971.63,800.71120975,2021-01-07 08:30:00+00:00
14,1610009100,968.16,976.65,971.6,974.1,749.6573405,2021-01-07 08:45:00+00:00
15,1610010000,969.11,977.62,974.62,970.49,752.88145788,2021-01-07 09:00:00+00:00
16,1610010900,969.46,975.54,970.47,972.39,392.75374405,2021-01-07 09:15:00+00:00
17,1610011800,963.31,976.0,971.63,976.0,523.65126779,2021-01-07 09:30:00+00:00
18,1610012700,973.41,983.42,976.0,983.2,836.30660359,2021-01-07 09:45:00+00:00
19,1610013600,972.95,983.64,983.02,975.1,438.31779606,2021-01-07 10:00:00+00:00
20,1610014500,970.51,977.57,975.55,971.89,558.54422902,2021-01-07 10:15:00+00:00
21,1610015400,968.6,976.91,971.81,969.58,478.77019036,2021-01-07 10:30:00+00:00
22,1610016300,966.97,973.93,969.57,968.07,461.97993929,2021-01-07 10:45:00+00:00
23,1610017200,967.21,975.0,968.07,973.56,486.36650231,2021-01-07 11:00:00+00:00
24,1610018100,970.58,976.34,973.94,972.01,440.59353241,2021-01-07 11:15:00+00:00
25,1610019000,971.26,978.31,971.37,974.05,958.28714299,2021-01-07 11:30:00+00:00
26,1610019900,974.43,984.2,975.15,981.23,1164.16590635,2021-01-07 11:45:00+00:00
27,1610020800,978.79,993.44,981.96,988.45,1748.58466721,2021-01-07 12:00:00+00:00
28,1610021700,980.17,994.9,988.04,992.8,999.85148337,2021-01-07 12:15:00+00:00
29,1610022600,987.72,994.98,991.87,993.26,777.48933398,2021-01-07 12:30:00+00:00
30,1610023500,987.75,1002.0,992.59,1001.1,2412.5328578,2021-01-07 12:45:00+00:00
31,1610024400,995.77,1003.0,1001.16,1001.33,1966.48959385,2021-01-07 13:00:00+00:00
32,1610025300,997.27,1006.0,1000.4,1002.99,1262.79499154,2021-01-07 13:15:00+00:00
33,1610026200,992.77,1002.61,1002.61,997.06,969.83066269,2021-01-07 13:30:00+00:00
34,1610027100,989.58,998.63,996.12,997.72,1020.17968671,2021-01-07 13:45:00+00:00
35,1610028000,994.74,1002.87,997.01,1000.93,1471.84084251,2021-01-07 14:00:00+00:00
36,1610028900,996.0,1002.0,1000.94,999.98,671.18455621,2021-01-07 14:15:00+00:00
37,1610029800,1000.02,1005.89,1000.87,1003.07,1004.07495816,2021-01-07 14:30:00+00:00
38,1610030700,995.0,1003.58,1003.07,1002.15,826.19375592,2021-01-07 14:45:00+00:00
39,1610031600,995.76,1002.88,1001.98,1000.56,782.96534373,2021-01-07 15:00:00+00:00
40,1610032500,997.98,1002.8,1001.12,1000.96,578.45819762,2021-01-07 15:15:00+00:00
41,1610033400,1000.0,1018.31,1000.36,1016.66,2330.06994976,2021-01-07 15:30:00+00:00
42,1610034300,1014.44,1022.29,1017.98,1020.27,1154.29185459,2021-01-07 15:45:00+00:00
43,1610035200,1013.22,1036.21,1022.0,1027.36,2788.01346483,2021-01-07 16:00:00+00:00
44,1610036100,1026.67,1041.41,1027.49,1038.03,1579.22221735,2021-01-07 16:15:00+00:00
45,1610037000,1029.84,1042.85,1038.35,1036.61,2862.33655812,2021-01-07 16:30:00+00:00
46,1610037900,1025.0,1038.23,1036.58,1031.51,1576.32530692,2021-01-07 16:45:00+00:00
47,1610038800,1025.67,1036.8,1031.42,1031.55,1766.21394637,2021-01-07 17:00:00+00:00
48,1610039700,1028.4,1039.19,1030.86,1038.45,520.64719732,2021-01-07 17:15:00+00:00
49,1610040600,1030.53,1039.94,1039.1,1038.16,467.47476695,2021-01-07 17:30:00+00:00
50,1610041500,1032.09,1039.55,1036.79,1036.91,398.67819412,2021-01-07 17:45:00+00:00
51,1610042400,1036.45,1048.0,1037.59,1047.12,2020.31415478,2021-01-07 18:00:00+00:00
52,1610043300,1001.02,1051.11,1047.12,1018.09,4336.47973875,2021-01-07 18:15:00+00:00
53,1610044200,978.7,1027.15,1019.44,978.7,4504.28780371,2021-01-07 18:30:00+00:00
54,1610045100,928.0,1003.36,978.7,998.47,4909.16261441,2021-01-07 18:45:00+00:00
55,1610046000,956.48,998.94,998.51,975.73,4211.25205746,2021-01-07 19:00:00+00:00
56,1610046900,970.01,998.99,975.71,994.14,1739.66154074,2021-01-07 19:15:00+00:00
57,1610047800,990.0,1014.99,995.58,1013.98,1543.39248879,2021-01-07 19:30:00+00:00
58,1610048700,1003.14,1018.66,1014.97,1008.27,2237.76545867,2021-01-07 19:45:00+00:00
59,1610049600,999.0,1014.53,1008.33,1007.57,981.61986411,2021-01-07 20:00:00+00:00
60,1610050500,998.0,1010.23,1008.0,999.01,840.33664635,2021-01-07 20:15:00+00:00
61,1610051400,997.19,1013.65,998.56,1011.5,1180.65302581,2021-01-07 20:30:00+00:00
62,1610052300,1005.62,1016.78,1011.76,1014.77,1342.51540501,2021-01-07 20:45:00+00:00
63,1610053200,1014.01,1025.77,1015.04,1024.81,1896.22952626,2021-01-07 21:00:00+00:00
64,1610054100,1022.0,1028.34,1024.81,1024.0,1409.76802995,2021-01-07 21:15:00+00:00
65,1610055000,1024.05,1032.78,1024.13,1026.19,1557.66436891,2021-01-07 21:30:00+00:00
66,1610055900,1011.01,1028.87,1024.81,1021.48,1374.26892949,2021-01-07 21:45:00+00:00
67,1610056800,1011.99,1023.0,1020.63,1022.15,1019.82251371,2021-01-07 22:00:00+00:00
68,1610057700,1016.42,1022.78,1021.29,1020.65,458.31208665,2021-01-07 22:15:00+00:00
69,1610058600,1017.97,1025.24,1021.5,1019.7,425.96642391,2021-01-07 22:30:00+00:00
70,1610059500,1007.48,1024.01,1020.26,1014.38,850.63971965,2021-01-07 22:45:00+00:00
71,1610060400,985.28,1014.82,1013.58,991.83,2030.88975019,2021-01-07 23:00:00+00:00
72,1610061300,978.01,997.3,992.82,985.23,2167.38393493,2021-01-07 23:15:00+00:00
73,1610062200,982.63,998.89,985.94,985.35,1005.6823038,2021-01-07 23:30:00+00:00
74,1610063100,983.41,999.97,986.1,997.38,902.42740963,2021-01-07 23:45:00+00:00
75,1610064000,989.33,1003.48,998.34,1001.46,582.35154238,2021-01-08 00:00:00+00:00
76,1610064900,991.15,1003.47,1001.91,993.39,351.99498129,2021-01-08 00:15:00+00:00
77,1610065800,986.76,997.49,993.47,988.17,231.96514426,2021-01-08 00:30:00+00:00
78,1610066700,961.03,990.71,988.28,965.45,1276.12259258,2021-01-08 00:45:00+00:00
79,1610067600,959.49,978.43,966.11,969.49,1263.91172646,2021-01-08 01:00:00+00:00
80,1610068500,959.49,977.96,969.67,960.9,712.13024961,2021-01-08 01:15:00+00:00
81,1610069400,945.16,968.86,963.69,952.64,2225.23872344,2021-01-08 01:30:00+00:00
82,1610070300,948.87,967.02,953.29,965.79,505.17488411,2021-01-08 01:45:00+00:00
83,1610071200,948.4,967.51,965.64,949.63,1088.74121799,2021-01-08 02:00:00+00:00
84,1610072100,890.0,953.69,949.16,921.84,4135.29720517,2021-01-08 02:15:00+00:00
85,1610073000,870.42,928.14,921.3,874.95,2855.05859329,2021-01-08 02:30:00+00:00
86,1610073900,870.42,918.6,872.64,908.31,2159.24701196,2021-01-08 02:45:00+00:00
87,1610074800,902.26,939.19,908.11,931.37,1733.46941766,2021-01-08 03:00:00+00:00
88,1610075700,924.0,939.41,931.79,936.21,798.93479529,2021-01-08 03:15:00+00:00
89,1610076600,931.11,945.09,936.17,938.41,777.00446148,2021-01-08 03:30:00+00:00
90,1610077500,931.45,947.53,938.03,939.95,447.92850935,2021-01-08 03:45:00+00:00
91,1610078400,932.94,959.87,937.81,949.18,659.19508432,2021-01-08 04:00:00+00:00
92,1610079300,941.51,956.02,949.28,954.8,423.74391551,2021-01-08 04:15:00+00:00
93,1610080200,942.92,960.88,954.26,958.85,793.83349145,2021-01-08 04:30:00+00:00
94,1610081100,954.09,962.05,959.48,954.4,386.17870779,2021-01-08 04:45:00+00:00
95,1610082000,942.01,954.35,954.28,948.68,448.72130089,2021-01-08 05:00:00+00:00
96,1610082900,937.39,948.52,947.99,945.46,572.43852191,2021-01-08 05:15:00+00:00
97,1610083800,941.86,957.16,944.93,950.3,478.41068722,2021-01-08 05:30:00+00:00
98,1610084700,930.16,950.98,950.0,936.03,1007.06923622,2021-01-08 05:45:00+00:00
99,1610085600,915.23,940.24,936.53,936.58,1368.8449543,2021-01-08 06:00:00+00:00
100,1610086500,932.94,954.31,935.58,953.0,951.29608898,2021-01-08 06:15:00+00:00
101,1610087400,945.96,957.0,953.0,954.32,777.80231984,2021-01-08 06:30:00+00:00
102,1610088300,952.06,965.0,954.5,959.3,843.67844765,2021-01-08 06:45:00+00:00
103,1610089200,953.01,960.66,959.45,955.66,499.37856309,2021-01-08 07:00:00+00:00
104,1610090100,956.05,975.74,956.67,972.3,929.29837603,2021-01-08 07:15:00+00:00
105,1610091000,969.19,987.24,972.99,984.16,982.35421065,2021-01-08 07:30:00+00:00
106,1610091900,980.97,993.0,984.16,989.38,736.65668111,2021-01-08 07:45:00+00:00
107,1610092800,975.39,992.7,989.79,978.16,1144.1560079,2021-01-08 08:00:00+00:00
108,1610093700,974.45,987.59,978.28,981.62,581.14036351,2021-01-08 08:15:00+00:00
109,1610094600,972.03,981.99,980.94,973.14,643.32139212,2021-01-08 08:30:00+00:00
110,1610095500,970.14,983.81,972.93,982.27,687.06436805,2021-01-08 08:45:00+00:00
111,1610096400,971.5,987.83,983.0,973.07,731.81077193,2021-01-08 09:00:00+00:00
112,1610097300,971.02,983.82,973.45,979.56,561.07553708,2021-01-08 09:15:00+00:00
113,1610098200,975.0,986.7,979.61,981.61,649.17466149,2021-01-08 09:30:00+00:00
114,1610099100,980.78,999.0,981.6,999.0,763.58860748,2021-01-08 09:45:00+00:00
115,1610100000,995.77,1007.38,999.0,1002.69,1082.84866614,2021-01-08 10:00:00+00:00
116,1610100900,1000.03,1010.8,1003.21,1010.8,627.31134039,2021-01-08 10:15:00+00:00
117,1610101800,1002.98,1029.0,1010.7,1027.3,2681.18543171,2021-01-08 10:30:00+00:00
118,1610102700,1007.93,1036.46,1027.3,1023.0,2970.15826348,2021-01-08 10:45:00+00:00
119,1610103600,1014.59,1034.36,1022.09,1025.72,1416.24062702,2021-01-08 11:00:00+00:00
120,1610104500,1018.53,1032.5,1025.18,1027.41,1334.92792796,2021-01-08 11:15:00+00:00
121,1610105400,1014.09,1029.8,1025.57,1025.11,1067.49806681,2021-01-08 11:30:00+00:00
122,1610106300,1017.43,1025.93,1025.09,1024.98,1097.25507927,2021-01-08 11:45:00+00:00
123,1610107200,1018.35,1030.91,1024.98,1029.7,1322.97552122,2021-01-08 12:00:00+00:00
124,1610108100,1020.01,1039.37,1028.27,1036.12,1139.13079358,2021-01-08 12:15:00+00:00
125,1610109000,1025.28,1037.03,1036.07,1027.26,942.69472627,2021-01-08 12:30:00+00:00
126,1610109900,1001.5,1028.28,1027.26,1020.68,1867.86707561,2021-01-08 12:45:00+00:00
127,1610110800,998.01,1022.55,1020.68,1008.28,1416.89743689,2021-01-08 13:00:00+00:00
128,1610111700,999.84,1018.2,1008.03,1012.8,910.55652844,2021-01-08 13:15:00+00:00
129,1610112600,1006.82,1019.15,1012.83,1016.8,526.97875002,2021-01-08 13:30:00+00:00
130,1610113500,1012.25,1023.0,1015.62,1020.0,649.31348688,2021-01-08 13:45:00+00:00
131,1610114400,1013.24,1024.99,1019.02,1018.93,673.19772879,2021-01-08 14:00:00+00:00
132,1610115300,1008.0,1020.77,1019.76,1014.68,688.13530621,2021-01-08 14:15:00+00:00
133,1610116200,1009.38,1023.75,1013.83,1019.79,651.47439279,2021-01-08 14:30:00+00:00
134,1610117100,1014.09,1025.0,1019.82,1024.61,609.68888185,2021-01-08 14:45:00+00:00
135,1610118000,1000.0,1029.0,1024.99,1004.91,1476.17245132,2021-01-08 15:00:00+00:00
136,1610118900,975.0,1026.91,1005.79,985.0,3098.14203638,2021-01-08 15:15:00+00:00
137,1610119800,963.01,997.67,984.99,989.2,3189.41732942,2021-01-08 15:30:00+00:00
138,1610120700,988.0,1001.28,990.0,993.33,1100.80090124,2021-01-08 15:45:00+00:00
139,1610121600,992.1,1003.74,994.89,997.33,1260.9281931,2021-01-08 16:00:00+00:00
140,1610122500,982.0,1008.0,995.49,1007.99,1642.45150069,2021-01-08 16:15:00+00:00
141,1610123400,1000.48,1012.0,1007.69,1004.15,861.17150363,2021-01-08 16:30:00+00:00
142,1610124300,1000.0,1008.48,1005.06,1001.96,464.22727674,2021-01-08 16:45:00+00:00
143,1610125200,985.83,1007.73,1001.99,1004.6,1162.47556341,2021-01-08 17:00:00+00:00
144,1610126100,1000.0,1008.92,1004.96,1003.09,631.76591199,2021-01-08 17:15:00+00:00
145,1610127000,993.94,1005.07,1003.08,997.17,787.20673989,2021-01-08 17:30:00+00:00
146,1610127900,988.92,1000.0,996.27,994.14,832.21795099,2021-01-08 17:45:00+00:00
147,1610128800,971.84,998.97,993.25,975.25,1682.62365377,2021-01-08 18:00:00+00:00
148,1610129700,965.25,982.43,976.39,968.5,1646.8106339,2021-01-08 18:15:00+00:00
149,1610130600,960.09,987.45,969.0,969.89,1479.64771161,2021-01-08 18:30:00+00:00
150,1610131500,969.31,986.35,970.74,969.57,1044.12497179,2021-01-08 18:45:00+00:00
151,1610132400,970.15,985.87,970.82,983.3,708.62146833,2021-01-08 19:00:00+00:00
152,1610133300,972.67,984.3,983.91,974.88,665.06526122,2021-01-08 19:15:00+00:00
153,1610134200,968.12,981.78,974.28,970.47,485.44087222,2021-01-08 19:30:00+00:00
154,1610135100,961.0,980.7,970.07,969.12,1896.32674896,2021-01-08 19:45:00+00:00
155,1610136000,943.23,970.08,967.94,959.66,2995.84327457,2021-01-08 20:00:00+00:00
156,1610136900,952.5,977.59,959.62,956.89,1587.88429654,2021-01-08 20:15:00+00:00
157,1610137800,944.0,960.56,956.6,945.21,1588.38617845,2021-01-08 20:30:00+00:00
158,1610138700,935.9,955.97,945.21,937.35,2606.90856441,2021-01-08 20:45:00+00:00
159,1610139600,928.0,950.11,937.11,950.11,2577.59682366,2021-01-08 21:00:00+00:00
160,1610140500,946.15,972.19,949.6,966.63,1706.43448013,2021-01-08 21:15:00+00:00
161,1610141400,963.51,975.77,966.01,969.21,1142.9425449,2021-01-08 21:30:00+00:00
162,1610142300,961.81,980.0,970.34,975.16,1104.70060325,2021-01-08 21:45:00+00:00
163,1610143200,962.0,976.13,976.13,965.07,696.11338453,2021-01-08 22:00:00+00:00
164,1610144100,954.09,967.48,964.91,965.83,597.32208237,2021-01-08 22:15:00+00:00
165,1610145000,965.86,993.54,966.0,992.95,2051.42567391,2021-01-08 22:30:00+00:00
166,1610145900,988.07,997.98,992.95,995.43,682.65947605,2021-01-08 22:45:00+00:00
167,1610146800,988.0,997.21,994.68,991.99,424.84691043,2021-01-08 23:00:00+00:00
168,1610147700,987.32,1005.35,991.81,1003.54,1535.27365689,2021-01-08 23:15:00+00:00
169,1610148600,992.08,1005.0,1001.88,994.14,550.39281903,2021-01-08 23:30:00+00:00
170,1610149500,991.7,999.91,993.41,994.25,377.1570448,2021-01-08 23:45:00+00:00
171,1610150400,993.97,1008.36,993.97,997.34,833.13301177,2021-01-09 00:00:00+00:00
172,1610151300,996.79,1006.0,997.0,999.2,449.42890682,2021-01-09 00:15:00+00:00
173,1610152200,976.0,998.34,998.34,979.44,929.69966016,2021-01-09 00:30:00+00:00
174,1610153100,966.83,981.53,979.32,977.43,1176.99000918,2021-01-09 00:45:00+00:00
175,1610154000,962.23,977.52,977.37,974.89,529.98292626,2021-01-09 01:00:00+00:00
176,1610154900,958.03,977.73,974.4,972.15,670.86256387,2021-01-09 01:15:00+00:00
177,1610155800,965.75,975.81,972.61,971.18,322.18610926,2021-01-09 01:30:00+00:00
178,1610156700,967.5,979.14,972.22,979.14,272.90590541,2021-01-09 01:45:00+00:00
179,1610157600,977.2,985.93,979.25,984.0,204.49218842,2021-01-09 02:00:00+00:00
180,1610158500,979.19,988.29,984.64,983.54,261.02674858,2021-01-09 02:15:00+00:00
181,1610159400,964.53,982.72,982.22,967.12,168.65321807,2021-01-09 02:30:00+00:00
182,1610160300,963.0,981.12,967.54,979.72,296.94266523,2021-01-09 02:45:00+00:00
183,1610161200,973.92,991.74,979.39,991.74,169.97003291,2021-01-09 03:00:00+00:00
184,1610162100,985.36,1000.14,991.12,998.53,223.43174932,2021-01-09 03:15:00+00:00
185,1610163000,998.23,1005.05,998.25,999.69,280.99378188,2021-01-09 03:30:00+00:00
186,1610163900,993.89,1002.0,1000.76,1001.97,186.55409095,2021-01-09 03:45:00+00:00
187,1610164800,988.64,1000.99,1000.99,991.63,159.29831027,2021-01-09 04:00:00+00:00
188,1610165700,987.5,998.79,991.88,994.22,128.18668204,2021-01-09 04:15:00+00:00
189,1610166600,992.0,997.88,994.41,994.63,177.45349859,2021-01-09 04:30:00+00:00
190,1610167500,994.13,999.91,994.91,996.78,71.67805699,2021-01-09 04:45:00+00:00
191,1610168400,986.19,996.11,996.11,989.82,144.23238646,2021-01-09 05:00:00+00:00
192,1610169300,977.44,989.23,988.75,977.44,107.22630935,2021-01-09 05:15:00+00:00
193,1610170200,971.59,982.43,978.57,981.24,206.56513897,2021-01-09 05:30:00+00:00
194,1610171100,966.71,984.4,981.48,969.69,528.32197184,2021-01-09 05:45:00+00:00
195,1610172000,965.0,978.05,969.39,975.2,472.99730709,2021-01-09 06:00:00+00:00
196,1610172900,963.48,976.0,974.28,969.6,464.42211804,2021-01-09 06:15:00+00:00
197,1610173800,965.01,976.38,969.41,969.02,183.64335421,2021-01-09 06:30:00+00:00
198,1610174700,965.03,976.92,968.21,965.42,230.01781519,2021-01-09 06:45:00+00:00
199,1610175600,962.0,972.0,965.82,972.0,481.61829204,2021-01-09 07:00:00+00:00
200,1610176500,971.99,978.17,972.49,977.4,173.64325679,2021-01-09 07:15:00+00:00
201,1610177400,976.74,983.85,976.74,980.82,154.58612897,2021-01-09 07:30:00+00:00
202,1610178300,975.34,980.68,980.68,979.6,201.39222922,2021-01-09 07:45:00+00:00
203,1610179200,971.1,986.31,979.66,985.09,238.92803604,2021-01-09 08:00:00+00:00
204,1610180100,977.0,984.97,984.43,977.05,323.6038017,2021-01-09 08:15:00+00:00
205,1610181000,977.68,985.0,977.68,983.45,284.55309643,2021-01-09 08:30:00+00:00
206,1610181900,983.69,994.4,984.36,991.4,340.78519783,2021-01-09 08:45:00+00:00
207,1610182800,990.14,1000.0,990.28,997.68,643.80033443,2021-01-09 09:00:00+00:00
208,1610183700,992.11,1001.0,997.66,994.27,475.18028148,2021-01-09 09:15:00+00:00
209,1610184600,987.27,996.41,993.22,989.86,450.93672916,2021-01-09 09:30:00+00:00
210,1610185500,987.84,993.44,989.33,991.79,304.78024086,2021-01-09 09:45:00+00:00
211,1610186400,982.0,995.04,991.79,988.73,542.76680995,2021-01-09 10:00:00+00:00
212,1610187300,987.03,1006.35,988.91,1004.43,521.00179963,2021-01-09 10:15:00+00:00
213,1610188200,997.28,1007.0,1004.16,999.13,826.53561281,2021-01-09 10:30:00+00:00
214,1610189100,994.8,1001.4,998.06,998.5,259.67041055,2021-01-09 10:45:00+00:00
215,1610190000,995.01,1001.87,997.89,997.24,222.47006823,2021-01-09 11:00:00+00:00
216,1610190900,995.83,1006.94,997.2,1004.57,520.04148789,2021-01-09 11:15:00+00:00
217,1610191800,1000.59,1010.0,1004.12,1005.22,624.59472213,2021-01-09 11:30:00+00:00
218,1610192700,995.06,1006.42,1005.0,998.93,304.7149248,2021-01-09 11:45:00+00:00
219,1610193600,998.44,1003.67,998.44,1002.79,229.55479367,2021-01-09 12:00:00+00:00
220,1610194500,995.01,1004.63,1002.62,999.98,261.78123844,2021-01-09 12:15:00+00:00
221,1610195400,990.01,1002.06,999.32,996.28,389.43348601,2021-01-09 12:30:00+00:00
222,1610196300,995.39,1002.0,996.46,1000.25,265.57134321,2021-01-09 12:45:00+00:00
223,1610197200,997.29,1001.38,999.29,1000.0,259.50295151,2021-01-09 13:00:00+00:00
224,1610198100,997.08,1002.2,999.99,999.77,211.81464896,2021-01-09 13:15:00+00:00
225,1610199000,996.4,1003.89,999.71,998.7,468.82637224,2021-01-09 13:30:00+00:00
226,1610199900,995.0,1000.19,997.85,998.13,262.1229713,2021-01-09 13:45:00+00:00
227,1610200800,996.91,1007.36,997.56,1005.09,510.02008747,2021-01-09 14:00:00+00:00
228,1610201700,1002.49,1008.0,1005.97,1006.95,766.48673138,2021-01-09 14:15:00+00:00
229,1610202600,999.55,1007.1,1006.22,1001.2,333.12266505,2021-01-09 14:30:00+00:00
230,1610203500,997.35,1004.42,1001.75,999.73,202.37942551,2021-01-09 14:45:00+00:00
231,1610204400,987.2,1002.56,999.5,987.67,753.47963942,2021-01-09 15:00:00+00:00
232,1610205300,986.2,995.76,987.2,993.21,325.03593694,2021-01-09 15:15:00+00:00
233,1610206200,990.71,998.76,993.32,998.76,546.27445451,2021-01-09 15:30:00+00:00
234,1610207100,995.0,999.47,998.79,997.4,232.16359398,2021-01-09 15:45:00+00:00
235,1610208000,990.12,1001.06,997.4,990.24,284.4038945,2021-01-09 16:00:00+00:00
236,1610208900,976.39,992.69,990.18,979.22,708.24591655,2021-01-09 16:15:00+00:00
237,1610209800,979.11,990.0,979.13,985.56,368.10429837,2021-01-09 16:30:00+00:00
238,1610210700,975.2,988.19,985.65,979.4,511.04502339,2021-01-09 16:45:00+00:00
239,1610211600,979.17,993.15,979.4,993.13,681.65659124,2021-01-09 17:00:00+00:00
240,1610212500,992.72,998.0,993.03,994.63,345.61224553,2021-01-09 17:15:00+00:00
241,1610213400,990.73,997.86,994.06,997.41,266.1624569,2021-01-09 17:30:00+00:00
242,1610214300,992.15,997.01,996.42,996.07,343.49057603,2021-01-09 17:45:00+00:00
243,1610215200,993.46,1001.94,996.13,996.87,640.19007214,2021-01-09 18:00:00+00:00
244,1610216100,994.97,999.51,996.87,998.26,208.17435514,2021-01-09 18:15:00+00:00
245,1610217000,997.29,1002.9,997.29,999.29,297.88678912,2021-01-09 18:30:00+00:00
246,1610217900,996.2,1001.61,998.63,998.77,242.47555575,2021-01-09 18:45:00+00:00
247,1610218800,994.19,1000.79,998.77,999.88,444.51115514,2021-01-09 19:00:00+00:00
248,1610219700,999.52,1006.23,999.93,1004.74,787.92744871,2021-01-09 19:15:00+00:00
249,1610220600,1000.01,1004.77,1004.45,1001.05,410.5815725,2021-01-09 19:30:00+00:00
250,1610221500,991.48,1004.0,1001.04,998.22,1077.14732068,2021-01-09 19:45:00+00:00
251,1610222400,992.5,1002.23,998.4,998.56,519.82065175,2021-01-09 20:00:00+00:00
252,1610223300,998.58,1022.0,999.02,1021.0,1898.54658748,2021-01-09 20:15:00+00:00
253,1610224200,1017.0,1032.63,1020.2,1029.66,2292.37618355,2021-01-09 20:30:00+00:00
254,1610225100,1023.67,1035.0,1028.67,1033.42,1892.74576055,2021-01-09 20:45:00+00:00
255,1610226000,1029.19,1045.0,1033.03,1042.0,2148.13696369,2021-01-09 21:00:00+00:00
256,1610226900,1037.2,1052.0,1042.67,1040.51,2299.66387626,2021-01-09 21:15:00+00:00
257,1610227800,1019.99,1042.48,1040.57,1035.48,1890.4388394,2021-01-09 21:30:00+00:00
258,1610228700,1033.23,1048.97,1035.6,1043.55,861.06256763,2021-01-09 21:45:00+00:00
259,1610229600,1041.0,1056.98,1043.84,1055.21,1398.85067337,2021-01-09 22:00:00+00:00
260,1610230500,1045.24,1057.0,1055.21,1045.25,819.01059439,2021-01-09 22:15:00+00:00
261,1610231400,1037.78,1051.48,1046.27,1044.52,696.39427911,2021-01-09 22:30:00+00:00
262,1610232300,1039.59,1047.93,1045.0,1045.51,520.95472897,2021-01-09 22:45:00+00:00
263,1610233200,1033.0,1048.0,1046.05,1036.58,916.59741754,2021-01-09 23:00:00+00:00
264,1610234100,1034.0,1045.18,1036.58,1041.73,475.72563302,2021-01-09 23:15:00+00:00
265,1610235000,1041.0,1049.86,1041.31,1047.3,390.70603894,2021-01-09 23:30:00+00:00
266,1610235900,1035.52,1048.6,1047.3,1036.16,370.8110543,2021-01-09 23:45:00+00:00
267,1610236800,1036.33,1048.95,1037.03,1045.33,503.2619711,2021-01-10 00:00:00+00:00
268,1610237700,1039.44,1046.65,1044.97,1041.07,185.26790126,2021-01-10 00:15:00+00:00
269,1610238600,1037.07,1047.5,1041.89,1045.39,261.88697417,2021-01-10 00:30:00+00:00
270,1610239500,1041.92,1048.43,1044.29,1045.51,166.50020784,2021-01-10 00:45:00+00:00
271,1610240400,1042.05,1065.7,1047.93,1063.22,632.12733048,2021-01-10 01:00:00+00:00
272,1610241300,1062.87,1072.99,1062.87,1071.01,1219.6631762,2021-01-10 01:15:00+00:00
273,1610242200,1066.5,1080.0,1071.32,1079.6,569.93049432,2021-01-10 01:30:00+00:00
274,1610243100,1066.81,1080.0,1079.61,1070.85,274.75083692,2021-01-10 01:45:00+00:00
275,1610244000,1061.08,1073.16,1071.24,1071.96,455.82143309,2021-01-10 02:00:00+00:00
276,1610244900,1071.04,1080.82,1071.07,1071.85,332.98142765,2021-01-10 02:15:00+00:00
277,1610245800,1070.29,1078.47,1071.99,1077.27,240.43135801,2021-01-10 02:30:00+00:00
278,1610246700,1074.95,1083.0,1076.28,1083.0,246.05354087,2021-01-10 02:45:00+00:00
279,1610247600,1060.13,1085.0,1082.72,1068.81,398.28909084,2021-01-10 03:00:00+00:00
280,1610248500,1055.8,1072.5,1068.44,1064.07,358.59438811,2021-01-10 03:15:00+00:00
281,1610249400,1063.01,1069.1,1064.09,1068.58,92.82277891,2021-01-10 03:30:00+00:00
282,1610250300,1060.48,1070.55,1068.58,1061.45,159.07595959,2021-01-10 03:45:00+00:00
283,1610251200,1058.88,1073.16,1060.11,1072.78,534.1177234,2021-01-10 04:00:00+00:00
284,1610252100,1063.62,1072.93,1072.93,1065.72,101.02032485,2021-01-10 04:15:00+00:00
285,1610253000,1060.42,1069.98,1064.97,1066.94,137.00813181,2021-01-10 04:30:00+00:00
286,1610253900,1064.55,1071.26,1065.96,1065.0,99.69208845,2021-01-10 04:45:00+00:00
287,1610254800,1063.56,1070.33,1065.0,1066.72,142.51526979,2021-01-10 05:00:00+00:00
288,1610255700,1066.96,1072.35,1067.23,1070.97,106.55359584,2021-01-10 05:15:00+00:00
289,1610256600,1061.8,1071.29,1070.07,1061.8,197.0842349,2021-01-10 05:30:00+00:00
290,1610257500,1056.87,1065.87,1062.63,1064.12,155.28223577,2021-01-10 05:45:00+00:00
291,1610258400,1061.78,1070.68,1063.2,1069.17,137.13701036,2021-01-10 06:00:00+00:00
292,1610259300,1068.51,1071.89,1069.11,1069.59,97.20337952,2021-01-10 06:15:00+00:00
293,1610260200,1068.81,1073.85,1069.4,1070.55,222.87598409,2021-01-10 06:30:00+00:00
294,1610261100,1067.9,1073.94,1070.0,1072.67,206.78371547,2021-01-10 06:45:00+00:00
295,1610262000,1070.09,1079.95,1071.81,1076.74,620.13123385,2021-01-10 07:00:00+00:00
296,1610262900,1070.56,1077.88,1075.68,1075.09,247.22157089,2021-01-10 07:15:00+00:00
297,1610263800,1072.79,1078.78,1075.0,1076.05,284.42482791,2021-01-10 07:30:00+00:00
298,1610264700,1075.86,1088.8,1075.86,1087.84,748.29981245,2021-01-10 07:45:00+00:00
299,1610265600,1077.33,1090.0,1087.82,1083.14,1290.31440449,2021-01-10 08:00:00+00:00
0,1610266500,1076.45,1084.71,1083.57,1078.2,653.86565488,2021-01-10 08:15:00+00:00
1,1610267400,1072.92,1080.85,1078.11,1075.22,590.70782143,2021-01-10 08:30:00+00:00
2,1610268300,1068.41,1079.64,1075.34,1077.6,688.4453357,2021-01-10 08:45:00+00:00
3,1610269200,1076.67,1083.0,1077.57,1083.0,390.97310568,2021-01-10 09:00:00+00:00
4,1610270100,1080.0,1086.0,1082.62,1082.25,642.81186119,2021-01-10 09:15:00+00:00
5,1610271000,1081.88,1088.12,1083.0,1085.52,472.88096967,2021-01-10 09:30:00+00:00
6,1610271900,1080.0,1090.0,1085.02,1080.93,675.81334693,2021-01-10 09:45:00+00:00
7,1610272800,1077.37,1087.88,1080.89,1084.84,504.77311218,2021-01-10 10:00:00+00:00
8,1610273700,1070.0,1087.85,1084.46,1071.41,1146.47840326,2021-01-10 10:15:00+00:00
9,1610274600,1052.28,1077.21,1072.6,1076.02,1559.65577226,2021-01-10 10:30:00+00:00
10,1610275500,1071.0,1081.08,1076.0,1073.97,587.30073743,2021-01-10 10:45:00+00:00
11,1610276400,1064.02,1075.04,1073.71,1065.36,807.31653722,2021-01-10 11:00:00+00:00
12,1610277300,1032.54,1069.91,1065.05,1044.46,2820.80461565,2021-01-10 11:15:00+00:00
13,1610278200,1033.01,1061.79,1044.95,1042.17,1544.0573349,2021-01-10 11:30:00+00:00
14,1610279100,1028.0,1051.0,1041.03,1028.0,1751.58858593,2021-01-10 11:45:00+00:00
15,1610280000,1011.0,1047.97,1029.12,1046.37,2761.94377759,2021-01-10 12:00:00+00:00
16,1610280900,1040.27,1054.19,1046.21,1051.09,1195.50039695,2021-01-10 12:15:00+00:00
17,1610281800,1047.37,1057.42,1050.75,1053.01,876.41966294,2021-01-10 12:30:00+00:00
18,1610282700,1044.47,1056.8,1052.91,1052.39,474.30191595,2021-01-10 12:45:00+00:00
19,1610283600,1050.0,1072.0,1053.08,1071.23,906.22870369,2021-01-10 13:00:00+00:00
20,1610284500,1065.97,1075.88,1071.79,1070.09,794.89598763,2021-01-10 13:15:00+00:00
21,1610285400,1067.69,1077.27,1070.1,1071.84,602.46079183,2021-01-10 13:30:00+00:00
22,1610286300,1063.57,1074.97,1071.92,1066.63,321.04207047,2021-01-10 13:45:00+00:00
23,1610287200,1056.66,1068.11,1066.7,1065.05,804.55820138,2021-01-10 14:00:00+00:00
24,1610288100,1052.0,1068.73,1065.16,1067.86,864.66634654,2021-01-10 14:15:00+00:00
25,1610289000,1057.0,1069.98,1066.75,1059.32,471.61530724,2021-01-10 14:30:00+00:00
26,1610289900,1045.0,1059.55,1059.31,1054.16,1033.74012878,2021-01-10 14:45:00+00:00
27,1610290800,1039.96,1055.0,1054.15,1054.5,882.16990834,2021-01-10 15:00:00+00:00
28,1610291700,1053.57,1067.02,1053.98,1064.31,495.49345822,2021-01-10 15:15:00+00:00
29,1610292600,1057.35,1066.66,1062.91,1063.49,431.00667441,2021-01-10 15:30:00+00:00
30,1610293500,1057.36,1067.09,1063.5,1059.0,506.1009255,2021-01-10 15:45:00+00:00
31,1610294400,1058.63,1074.0,1058.82,1073.07,837.91659935,2021-01-10 16:00:00+00:00
32,1610295300,1064.02,1073.99,1073.99,1064.51,454.46538597,2021-01-10 16:15:00+00:00
33,1610296200,1052.93,1068.12,1064.01,1060.97,390.25991749,2021-01-10 16:30:00+00:00
34,1610297100,1052.62,1064.91,1061.23,1054.0,417.46135594,2021-01-10 16:45:00+00:00
35,1610298000,1041.44,1058.32,1054.54,1049.35,799.62231154,2021-01-10 17:00:00+00:00
36,1610298900,1022.93,1049.9,1049.9,1027.66,2058.68693191,2021-01-10 17:15:00+00:00
37,1610299800,1006.24,1037.06,1029.63,1029.08,3157.58939616,2021-01-10 17:30:00+00:00
38,1610300700,1024.04,1061.74,1027.91,1057.43,2763.44907328,2021-01-10 17:45:00+00:00
39,1610301600,1051.59,1066.77,1057.47,1060.66,1807.75651953,2021-01-10 18:00:00+00:00
40,1610302500,1034.01,1061.11,1060.67,1036.46,1160.17654381,2021-01-10 18:15:00+00:00
41,1610303400,1026.99,1044.48,1034.53,1035.0,1220.64100306,2021-01-10 18:30:00+00:00
42,1610304300,1027.08,1038.32,1036.29,1031.24,709.75414174,2021-01-10 18:45:00+00:00
43,1610305200,1026.13,1044.62,1031.92,1044.18,865.32620633,2021-01-10 19:00:00+00:00
44,1610306100,1032.96,1044.63,1043.08,1038.0,384.2151719,2021-01-10 19:15:00+00:00
45,1610307000,1023.04,1039.35,1038.15,1026.0,786.51430075,2021-01-10 19:30:00+00:00
46,1610307900,1010.1,1032.87,1025.45,1015.27,2099.73962437,2021-01-10 19:45:00+00:00
47,1610308800,950.0,1023.61,1015.33,950.0,4558.59388946,2021-01-10 20:00:00+00:00
48,1610309700,925.79,1004.97,950.0,939.53,6776.23106634,2021-01-10 20:15:00+00:00
49,1610310600,932.16,987.82,939.53,972.54,5140.36301781,2021-01-10 20:30:00+00:00
50,1610311500,960.0,993.21,973.54,993.04,3160.77568543,2021-01-10 20:45:00+00:00
51,1610312400,992.99,1020.0,993.22,1014.08,3837.74929761,2021-01-10 21:00:00+00:00
52,1610313300,1001.45,1018.0,1014.37,1011.46,2808.94598631,2021-01-10 21:15:00+00:00
53,1610314200,1010.62,1027.77,1010.62,1021.93,1538.02118695,2021-01-10 21:30:00+00:00
54,1610315100,1017.46,1026.7,1022.13,1026.7,955.65925413,2021-01-10 21:45:00+00:00
55,1610316000,1018.54,1038.85,1026.71,1035.17,730.97231783,2021-01-10 22:00:00+00:00
56,1610316900,1034.01,1044.99,1035.17,1044.99,627.61507712,2021-01-10 22:15:00+00:00
57,1610317800,1038.91,1046.0,1044.63,1044.4,634.78479839,2021-01-10 22:30:00+00:00
58,1610318700,1028.77,1045.48,1044.22,1032.79,669.62202843,2021-01-10 22:45:00+00:00
59,1610319600,1022.34,1038.75,1032.15,1030.67,792.01676167,2021-01-10 23:00:00+00:00
60,1610320500,1024.16,1033.78,1029.63,1030.84,416.03364767,2021-01-10 23:15:00+00:00
61,1610321400,1022.77,1035.1,1029.85,1032.02,647.73101389,2021-01-10 23:30:00+00:00
62,1610322300,1020.26,1032.19,1031.25,1020.46,184.43732505,2021-01-10 23:45:00+00:00
63,1610323200,985.65,1023.54,1020.03,992.19,1144.31778836,2021-01-11 00:00:00+00:00
64,1610324100,991.38,1009.47,992.54,998.09,419.95220212,2021-01-11 00:15:00+00:00
65,1610325000,981.56,1006.33,997.81,982.78,434.05523896,2021-01-11 00:30:00+00:00
66,1610325900,976.99,992.73,982.63,986.58,1287.86705228,2021-01-11 00:45:00+00:00
67,1610326800,976.34,995.84,986.05,988.65,1009.19324396,2021-01-11 01:00:00+00:00
68,1610327700,979.24,988.65,988.65,983.0,406.50355181,2021-01-11 01:15:00+00:00
69,1610328600,962.4,984.84,983.01,963.52,587.80543512,2021-01-11 01:30:00+00:00
70,1610329500,952.0,967.18,964.19,961.51,1185.13612165,2021-01-11 01:45:00+00:00
71,1610330400,939.0,965.37,962.33,951.29,1047.40509374,2021-01-11 02:00:00+00:00
72,1610331300,936.0,959.58,949.76,942.68,488.3720156,2021-01-11 02:15:00+00:00
73,1610332200,939.58,964.24,941.78,962.14,502.39066812,2021-01-11 02:30:00+00:00
74,1610333100,944.09,966.3,962.2,944.09,433.67722656,2021-01-11 02:45:00+00:00
75,1610334000,918.18,956.08,944.01,921.58,1492.61228429,2021-01-11 03:00:00+00:00
76,1610334900,880.0,925.26,921.47,895.18,2864.52221019,2021-01-11 03:15:00+00:00
77,1610335800,821.44,896.33,892.99,843.31,3658.06330051,2021-01-11 03:30:00+00:00
78,1610336700,838.94,915.29,842.6,897.71,2033.54558924,2021-01-11 03:45:00+00:00
79,1610337600,887.75,923.32,896.2,919.94,1748.74461638,2021-01-11 04:00:00+00:00
80,1610338500,849.56,924.77,918.87,868.94,1482.2241874,2021-01-11 04:15:00+00:00
81,1610339400,857.22,899.95,866.56,894.64,2160.33252825,2021-01-11 04:30:00+00:00
82,1610340300,890.0,909.83,893.62,903.49,915.01851717,2021-01-11 04:45:00+00:00
83,1610341200,896.56,916.66,903.49,910.8,1610.4196884,2021-01-11 05:00:00+00:00
84,1610342100,884.92,915.79,910.09,906.01,1578.97459851,2021-01-11 05:15:00+00:00
85,1610343000,880.93,911.12,906.11,889.6,1495.1299188,2021-01-11 05:30:00+00:00
86,1610343900,867.0,890.55,888.17,877.47,1820.52458057,2021-01-11 05:45:00+00:00
87,1610344800,780.11,878.31,877.0,797.82,4577.93738052,2021-01-11 06:00:00+00:00
88,1610345700,784.35,863.9,784.45,824.74,2845.71620621,2021-01-11 06:15:00+00:00
89,1610346600,811.03,847.92,824.69,817.22,2437.92556461,2021-01-11 06:30:00+00:00
90,1610347500,703.55,819.82,817.21,709.73,6349.65164551,2021-01-11 06:45:00+00:00
91,1610348400,700.0,827.93,704.86,805.96,6222.63428465,2021-01-11 07:00:00+00:00
92,1610349300,764.13,861.77,805.11,860.48,4436.30575247,2021-01-11 07:15:00+00:00
93,1610350200,857.27,887.0,859.32,883.02,4182.60359783,2021-01-11 07:30:00+00:00
94,1610351100,869.05,889.72,883.02,879.16,2846.97004442,2021-01-11 07:45:00+00:00
95,1610352000,855.53,900.0,878.94,897.18,3718.58682991,2021-01-11 08:00:00+00:00
96,1610352900,896.01,916.05,897.73,898.36,3300.16312285,2021-01-11 08:15:00+00:00
97,1610353800,896.95,919.2,897.24,919.18,1598.81829091,2021-01-11 08:30:00+00:00
98,1610354700,907.28,925.0,919.17,910.17,1710.21593419,2021-01-11 08:45:00+00:00
99,1610355600,888.01,914.99,910.17,896.75,1926.34720239,2021-01-11 09:00:00+00:00
100,1610356500,892.84,912.83,897.58,910.0,1141.8762934,2021-01-11 09:15:00+00:00
101,1610357400,899.54,911.18,909.92,905.88,928.76299447,2021-01-11 09:30:00+00:00
102,1610358300,902.12,933.99,905.06,932.95,1023.80441446,2021-01-11 09:45:00+00:00
103,1610359200,926.62,945.0,932.33,942.79,1955.52001818,2021-01-11 10:00:00+00:00
104,1610360100,917.51,942.98,942.64,923.49,1361.62353148,2021-01-11 10:15:00+00:00
105,1610361000,912.0,927.95,922.82,918.01,1367.77749648,2021-01-11 10:30:00+00:00
106,1610361900,909.19,923.32,917.89,911.12,1149.49768234,2021-01-11 10:45:00+00:00
107,1610362800,881.89,916.07,910.37,884.03,2659.69320171,2021-01-11 11:00:00+00:00
108,1610363700,871.48,905.0,884.66,888.16,2647.04866892,2021-01-11 11:15:00+00:00
109,1610364600,888.14,902.84,888.79,893.63,939.20608341,2021-01-11 11:30:00+00:00
110,1610365500,867.2,894.02,893.62,869.05,1713.0686139,2021-01-11 11:45:00+00:00
111,1610366400,800.0,874.49,870.27,853.6,5610.21401536,2021-01-11 12:00:00+00:00
112,1610367300,840.01,903.0,852.22,898.32,3067.90055079,2021-01-11 12:15:00+00:00
113,1610368200,886.05,903.0,899.14,886.05,1642.44267515,2021-01-11 12:30:00+00:00
114,1610369100,866.39,898.0,885.26,875.72,2669.83730781,2021-01-11 12:45:00+00:00
115,1610370000,857.25,883.64,875.45,866.45,1811.27690358,2021-01-11 13:00:00+00:00
116,1610370900,825.0,872.0,866.41,843.58,2442.84054297,2021-01-11 13:15:00+00:00
117,1610371800,828.0,852.02,840.01,847.12,2833.93759128,2021-01-11 13:30:00+00:00
118,1610372700,808.0,850.0,845.92,808.11,2238.8602048,2021-01-11 13:45:00+00:00
119,1610373600,737.22,823.0,809.23,740.73,7409.57341422,2021-01-11 14:00:00+00:00
120,1610374500,737.01,817.0,740.03,806.0,4822.1464366,2021-01-11 14:15:00+00:00
121,1610375400,780.13,833.58,809.61,811.1,3600.33374403,2021-01-11 14:30:00+00:00
122,1610376300,790.0,843.69,811.22,824.33,2839.35289706,2021-01-11 14:45:00+00:00
123,1610377200,811.0,834.86,824.07,822.66,2861.33005731,2021-01-11 15:00:00+00:00
124,1610378100,785.0,825.85,823.8,785.18,1873.97034591,2021-01-11 15:15:00+00:00
125,1610379000,755.01,791.54,787.8,781.79,3208.16712579,2021-01-11 15:30:00+00:00
126,1610379900,750.0,784.77,781.78,772.54,3027.23607127,2021-01-11 15:45:00+00:00
127,1610380800,730.0,774.01,769.11,749.44,3649.22074672,2021-01-11 16:00:00+00:00
128,1610381700,732.98,764.99,749.5,748.93,3661.65524584,2021-01-11 16:15:00+00:00
129,1610382600,710.0,750.0,744.64,729.45,5846.76501271,2021-01-11 16:30:00+00:00
130,1610383500,725.01,783.0,728.09,777.58,4301.41113644,2021-01-11 16:45:00+00:00
131,1610384400,735.01,781.4,777.58,748.8,3716.51223155,2021-01-11 17:00:00+00:00
132,1610385300,747.73,808.97,748.59,802.57,4628.63274422,2021-01-11 17:15:00+00:00
133,1610386200,800.68,839.0,802.57,817.05,5455.70879347,2021-01-11 17:30:00+00:00
134,1610387100,791.85,820.0,817.08,816.17,4161.25119113,2021-01-11 17:45:00+00:00
135,1610388000,800.58,827.4,816.22,816.7,2764.05539226,2021-01-11 18:00:00+00:00
136,1610388900,807.0,832.84,817.16,830.46,2983.96952526,2021-01-11 18:15:00+00:00
137,1610389800,820.0,839.0,830.01,834.54,2510.61881993,2021-01-11 18:30:00+00:00
138,1610390700,809.04,838.18,833.93,812.53,2451.12396526,2021-01-11 18:45:00+00:00
139,1610391600,791.37,824.96,812.46,794.42,1670.36956879,2021-01-11 19:00:00+00:00
140,1610392500,780.31,799.93,791.36,780.96,2375.80588846,2021-01-11 19:15:00+00:00
141,1610393400,772.16,808.74,780.97,806.83,2493.4575188,2021-01-11 19:30:00+00:00
142,1610394300,800.44,817.98,805.77,802.78,1720.13689719,2021-01-11 19:45:00+00:00
143,1610395200,783.0,803.83,802.77,789.99,1539.85111653,2021-01-11 20:00:00+00:00
144,1610396100,785.64,807.56,789.71,797.22,1330.62947271,2021-01-11 20:15:00+00:00
145,1610397000,795.01,811.26,797.37,809.16,1664.65070524,2021-01-11 20:30:00+00:00
146,1610397900,808.09,833.9,809.59,831.98,2329.43601169,2021-01-11 20:45:00+00:00
147,1610398800,819.38,839.0,832.0,839.0,2556.36184719,2021-01-11 21:00:00+00:00
148,1610399700,833.0,854.31,838.83,850.15,2001.10395423,2021-01-11 21:15:00+00:00
149,1610400600,826.01,850.69,850.17,845.15,2166.68792287,2021-01-11 21:30:00+00:00
150,1610401500,832.74,849.98,844.91,844.15,1674.86923757,2021-01-11 21:45:00+00:00
151,1610402400,836.81,857.0,844.02,856.98,1140.35205289,2021-01-11 22:00:00+00:00
152,1610403300,856.1,875.0,856.29,869.64,1516.24713285,2021-01-11 22:15:00+00:00
153,1610404200,853.31,871.8,870.37,869.95,1184.56102745,2021-01-11 22:30:00+00:00
154,1610405100,856.69,875.81,870.38,866.32,1813.25163396,2021-01-11 22:45:00+00:00
155,1610406000,865.52,880.17,865.52,880.17,1828.55039875,2021-01-11 23:00:00+00:00
156,1610406900,878.0,890.0,879.21,884.67,2004.90508566,2021-01-11 23:15:00+00:00
157,1610407800,872.01,888.05,884.73,886.49,1101.90021425,2021-01-11 23:30:00+00:00
158,1610408700,882.02,894.65,885.67,889.98,745.27810318,2021-01-11 23:45:00+00:00
159,1610409600,861.01,893.81,888.94,861.41,1395.20958043,2021-01-12 00:00:00+00:00
160,1610410500,846.83,867.39,861.02,856.72,991.76134034,2021-01-12 00:15:00+00:00
161,1610411400,853.6,874.52,857.18,873.53,1078.79682256,2021-01-12 00:30:00+00:00
162,1610412300,860.28,874.82,873.32,866.15,732.20790927,2021-01-12 00:45:00+00:00
163,1610413200,865.5,889.36,866.25,879.2,579.6434796,2021-01-12 01:00:00+00:00
164,1610414100,872.15,884.72,878.77,872.84,308.09575851,2021-01-12 01:15:00+00:00
165,1610415000,856.41,876.48,874.25,863.5,488.45339863,2021-01-12 01:30:00+00:00
166,1610415900,849.23,862.16,860.33,861.46,815.22170215,2021-01-12 01:45:00+00:00
167,1610416800,852.72,869.25,862.17,853.76,360.85985557,2021-01-12 02:00:00+00:00
168,1610417700,850.85,867.31,853.76,861.31,569.43198179,2021-01-12 02:15:00+00:00
169,1610418600,861.5,875.14,861.5,870.17,568.44886826,2021-01-12 02:30:00+00:00
170,1610419500,867.85,878.03,870.72,873.44,435.44765926,2021-01-12 02:45:00+00:00
171,1610420400,867.88,881.47,873.7,870.12,284.94149445,2021-01-12 03:00:00+00:00
172,1610421300,869.8,885.81,869.8,883.38,452.27912695,2021-01-12 03:15:00+00:00
173,1610422200,876.67,885.03,883.13,884.24,174.14810811,2021-01-12 03:30:00+00:00
174,1610423100,875.78,888.38,884.04,887.52,383.44354561,2021-01-12 03:45:00+00:00
175,1610424000,884.78,898.0,886.81,890.56,676.78809018,2021-01-12 04:00:00+00:00
176,1610424900,883.26,891.0,889.99,889.56,415.01797867,2021-01-12 04:15:00+00:00
177,1610425800,881.64,889.53,888.88,887.9,366.16412339,2021-01-12 04:30:00+00:00
178,1610426700,879.63,897.39,888.22,894.5,625.23753832,2021-01-12 04:45:00+00:00
179,1610427600,893.98,905.62,893.98,904.94,1018.5664497,2021-01-12 05:00:00+00:00
180,1610428500,894.49,904.35,904.34,898.8,555.46560219,2021-01-12 05:15:00+00:00
181,1610429400,897.24,915.66,898.8,913.56,661.8326782,2021-01-12 05:30:00+00:00
182,1610430300,912.62,925.0,912.62,925.0,859.73049335,2021-01-12 05:45:00+00:00
183,1610431200,921.08,933.0,925.0,922.75,1162.64061369,2021-01-12 06:00:00+00:00
184,1610432100,922.06,941.94,922.08,941.92,1558.03210964,2021-01-12 06:15:00+00:00
185,1610433000,932.92,944.0,941.19,938.04,1110.4637908,2021-01-12 06:30:00+00:00
186,1610433900,934.15,945.46,937.16,936.88,676.34226953,2021-01-12 06:45:00+00:00
187,1610434800,926.01,941.03,936.65,933.16,773.70814049,2021-01-12 07:00:00+00:00
188,1610435700,924.28,935.37,933.16,929.54,1141.35701983,2021-01-12 07:15:00+00:00
189,1610436600,927.39,945.52,929.33,945.15,1294.86012026,2021-01-12 07:30:00+00:00
190,1610437500,937.59,946.58,945.0,939.31,1283.88868918,2021-01-12 07:45:00+00:00
191,1610438400,926.88,942.79,938.56,932.06,1051.45613152,2021-01-12 08:00:00+00:00
192,1610439300,916.99,933.97,931.69,926.34,1014.81199125,2021-01-12 08:15:00+00:00
193,1610440200,919.99,931.11,927.38,923.76,749.58668604,2021-01-12 08:30:00+00:00
194,1610441100,905.15,925.45,924.22,920.26,1044.91051476,2021-01-12 08:45:00+00:00
195,1610442000,911.12,924.0,920.19,921.0,725.29869076,2021-01-12 09:00:00+00:00
196,1610442900,911.77,922.74,922.08,915.92,498.88484566,2021-01-12 09:15:00+00:00
197,1610443800,915.04,927.11,915.46,923.81,649.30631281,2021-01-12 09:30:00+00:00
198,1610444700,916.86,926.46,923.1,917.85,826.60342749,2021-01-12 09:45:00+00:00
199,1610445600,891.21,923.88,916.67,894.88,1734.24235923,2021-01-12 10:00:00+00:00
200,1610446500,874.25,897.75,894.97,879.1,3145.02593069,2021-01-12 10:15:00+00:00
201,1610447400,876.79,889.68,879.06,888.57,1149.95952213,2021-01-12 10:30:00+00:00
202,1610448300,886.58,899.0,888.03,892.49,704.71299663,2021-01-12 10:45:00+00:00
203,1610449200,892.05,907.0,892.25,902.44,1031.6761202,2021-01-12 11:00:00+00:00
204,1610450100,901.87,911.1,903.32,905.31,1194.79539775,2021-01-12 11:15:00+00:00
205,1610451000,892.11,907.94,905.0,896.43,509.02674334,2021-01-12 11:30:00+00:00
206,1610451900,893.61,908.0,896.26,904.9,526.0670182,2021-01-12 11:45:00+00:00
207,1610452800,902.57,914.89,904.85,913.7,571.58634782,2021-01-12 12:00:00+00:00
208,1610453700,902.4,913.39,912.45,906.99,672.12771146,2021-01-12 12:15:00+00:00
209,1610454600,892.0,906.75,906.54,892.85,455.98581938,2021-01-12 12:30:00+00:00
210,1610455500,890.59,899.83,892.73,894.83,784.84118236,2021-01-12 12:45:00+00:00
211,1610456400,893.5,903.33,893.5,901.25,431.86587098,2021-01-12 13:00:00+00:00
212,1610457300,876.96,900.92,900.45,884.26,1502.29635829,2021-01-12 13:15:00+00:00
213,1610458200,856.0,887.93,882.87,859.64,1720.26080149,2021-01-12 13:30:00+00:00
214,1610459100,841.31,868.14,858.73,843.81,2377.20196643,2021-01-12 13:45:00+00:00
215,1610460000,842.96,867.0,842.96,860.96,1665.26772987,2021-01-12 14:00:00+00:00
216,1610460900,833.12,868.15,861.04,836.38,1800.42538126,2021-01-12 14:15:00+00:00
217,1610461800,824.38,855.24,839.1,846.39,2278.02861427,2021-01-12 14:30:00+00:00
218,1610462700,838.13,859.83,846.41,852.95,1365.15563151,2021-01-12 14:45:00+00:00
219,1610463600,852.24,865.0,852.25,860.68,1048.14182644,2021-01-12 15:00:00+00:00
220,1610464500,856.3,878.97,859.48,873.72,981.26073399,2021-01-12 15:15:00+00:00
221,1610465400,860.28,873.17,873.15,865.2,806.23005802,2021-01-12 15:30:00+00:00
222,1610466300,862.98,877.05,865.15,867.54,676.70616754,2021-01-12 15:45:00+00:00
223,1610467200,867.22,896.18,867.85,889.64,1398.862067,2021-01-12 16:00:00+00:00
224,1610468100,886.28,898.63,890.02,891.07,923.38550984,2021-01-12 16:15:00+00:00
225,1610469000,885.86,898.07,890.0,896.24,712.90473184,2021-01-12 16:30:00+00:00
226,1610469900,889.37,910.0,895.33,909.94,832.73417221,2021-01-12 16:45:00+00:00
227,1610470800,901.79,922.0,910.0,918.68,1448.54461794,2021-01-12 17:00:00+00:00
228,1610471700,901.53,919.68,919.04,902.46,983.55683427,2021-01-12 17:15:00+00:00
229,1610472600,901.75,915.64,901.75,910.13,788.51926578,2021-01-12 17:30:00+00:00
230,1610473500,907.6,925.0,909.32,917.79,869.00151176,2021-01-12 17:45:00+00:00
231,1610474400,909.71,922.0,918.58,918.78,768.3023493,2021-01-12 18:00:00+00:00
232,1610475300,907.43,921.59,919.17,911.68,769.14708333,2021-01-12 18:15:00+00:00
233,1610476200,902.91,912.51,910.91,907.24,487.78401673,2021-01-12 18:30:00+00:00
234,1610477100,895.33,911.74,907.24,905.93,594.5489388,2021-01-12 18:45:00+00:00
235,1610478000,888.02,906.54,906.54,897.0,716.14031855,2021-01-12 19:00:00+00:00
236,1610478900,883.34,897.66,896.56,886.74,909.94003344,2021-01-12 19:15:00+00:00
237,1610479800,871.13,891.22,886.56,872.63,1010.49030011,2021-01-12 19:30:00+00:00
238,1610480700,868.66,896.15,872.29,888.13,969.03693069,2021-01-12 19:45:00+00:00
239,1610481600,874.39,888.73,888.0,880.8,559.69125175,2021-01-12 20:00:00+00:00
240,1610482500,869.01,881.57,880.16,878.27,766.0096757,2021-01-12 20:15:00+00:00
241,1610483400,868.38,878.53,878.53,875.24,623.16742417,2021-01-12 20:30:00+00:00
242,1610484300,874.6,889.94,875.51,886.0,482.71273496,2021-01-12 20:45:00+00:00
243,1610485200,881.71,892.47,886.29,883.34,451.02760528,2021-01-12 21:00:00+00:00
244,1610486100,872.37,886.4,883.15,875.82,429.2951233,2021-01-12 21:15:00+00:00
245,1610487000,862.8,875.96,875.15,873.47,926.67326081,2021-01-12 21:30:00+00:00
246,1610487900,872.57,887.93,873.13,884.22,618.10930944,2021-01-12 21:45:00+00:00
247,1610488800,881.14,891.87,883.33,888.69,297.29703577,2021-01-12 22:00:00+00:00
248,1610489700,877.1,889.09,888.61,878.08,213.84885946,2021-01-12 22:15:00+00:00
249,1610490600,871.18,882.21,878.09,871.95,358.73188263,2021-01-12 22:30:00+00:00
250,1610491500,853.56,873.99,871.64,864.04,1181.54987087,2021-01-12 22:45:00+00:00
251,1610492400,840.86,862.78,862.77,860.13,1467.2246902,2021-01-12 23:00:00+00:00
252,1610493300,840.0,862.22,859.9,844.8,1089.20864398,2021-01-12 23:15:00+00:00
253,1610494200,840.0,857.21,843.91,856.42,675.89706813,2021-01-12 23:30:00+00:00
254,1610495100,843.34,861.64,854.83,860.33,781.62296445,2021-01-12 23:45:00+00:00
255,1610496000,842.0,860.31,860.0,851.5,401.27217752,2021-01-13 00:00:00+00:00
256,1610496900,829.78,855.13,853.19,834.0,1149.41170421,2021-01-13 00:15:00+00:00
257,1610497800,826.0,847.37,833.69,837.4,1284.04649619,2021-01-13 00:30:00+00:00
258,1610498700,809.0,838.28,837.42,810.93,1731.00231936,2021-01-13 00:45:00+00:00
259,1610499600,810.57,839.0,811.38,838.32,680.83821106,2021-01-13 01:00:00+00:00
260,1610500500,823.35,839.79,837.68,825.4,303.97626097,2021-01-13 01:15:00+00:00
261,1610501400,825.25,837.88,825.44,830.0,185.65563703,2021-01-13 01:30:00+00:00
262,1610502300,830.32,849.0,830.33,844.29,347.80754307,2021-01-13 01:45:00+00:00
263,1610503200,842.29,859.21,843.97,848.14,240.40419902,2021-01-13 02:00:00+00:00
264,1610504100,837.46,856.01,848.21,838.85,312.59937389,2021-01-13 02:15:00+00:00
265,1610505000,830.68,840.99,838.04,836.38,249.85475121,2021-01-13 02:30:00+00:00
266,1610505900,831.94,849.8,836.61,843.34,257.36271515,2021-01-13 02:45:00+00:00
267,1610506800,842.62,864.22,843.3,859.03,625.80652635,2021-01-13 03:00:00+00:00
268,1610507700,855.01,866.0,859.62,859.95,499.33104425,2021-01-13 03:15:00+00:00
269,1610508600,854.79,862.32,857.81,855.26,123.63314704,2021-01-13 03:30:00+00:00
270,1610509500,851.81,860.34,857.77,855.28,81.45154781,2021-01-13 03:45:00+00:00
271,1610510400,844.96,859.91,855.81,851.19,146.688061,2021-01-13 04:00:00+00:00
272,1610511300,844.21,854.21,850.29,853.77,157.57388202,2021-01-13 04:15:00+00:00
273,1610512200,833.85,855.55,853.06,836.16,157.55308256,2021-01-13 04:30:00+00:00
274,1610513100,834.8,842.83,837.62,838.3,268.6106034,2021-01-13 04:45:00+00:00
275,1610514000,837.85,845.52,838.53,844.44,110.00364838,2021-01-13 05:00:00+00:00
276,1610514900,828.34,844.35,844.35,832.72,838.1121596,2021-01-13 05:15:00+00:00
277,1610515800,828.22,841.89,833.35,837.11,541.71647218,2021-01-13 05:30:00+00:00
278,1610516700,835.04,848.5,837.72,848.1,388.98655906,2021-01-13 05:45:00+00:00
279,1610517600,844.98,851.2,848.49,848.38,743.44843368,2021-01-13 06:00:00+00:00
280,1610518500,846.82,856.04,847.99,851.98,328.28279133,2021-01-13 06:15:00+00:00
281,1610519400,847.91,861.64,853.31,861.64,135.04039796,2021-01-13 06:30:00+00:00
282,1610520300,854.79,867.34,861.19,855.39,543.34298057,2021-01-13 06:45:00+00:00
283,1610521200,853.45,860.22,855.75,857.11,163.90671855,2021-01-13 07:00:00+00:00
284,1610522100,853.62,872.55,857.11,870.45,300.38824412,2021-01-13 07:15:00+00:00
285,1610523000,870.88,883.25,870.88,879.32,506.80210586,2021-01-13 07:30:00+00:00
286,1610523900,877.59,884.73,879.51,881.26,616.79266879,2021-01-13 07:45:00+00:00
287,1610524800,868.45,882.37,881.22,871.58,560.57196356,2021-01-13 08:00:00+00:00
288,1610525700,868.59,875.61,872.49,870.24,481.61519315,2021-01-13 08:15:00+00:00
289,1610526600,864.01,874.42,870.75,870.11,616.21415124,2021-01-13 08:30:00+00:00
290,1610527500,868.02,877.0,871.22,868.02,266.44791495,2021-01-13 08:45:00+00:00
291,1610528400,867.8,883.63,867.8,877.81,379.92207179,2021-01-13 09:00:00+00:00
292,1610529300,874.0,884.0,877.24,874.11,478.5111385,2021-01-13 09:15:00+00:00
293,1610530200,867.0,877.84,874.0,867.89,321.38782955,2021-01-13 09:30:00+00:00
294,1610531100,860.96,873.98,867.17,869.79,418.81494018,2021-01-13 09:45:00+00:00
295,1610532000,869.81,894.0,870.65,889.7,678.32817851,2021-01-13 10:00:00+00:00
296,1610532900,888.05,898.52,888.87,892.51,632.13275184,2021-01-13 10:15:00+00:00
297,1610533800,883.46,897.91,892.6,885.8,428.12452095,2021-01-13 10:30:00+00:00
298,1610534700,881.18,888.79,885.1,886.32,340.9779152,2021-01-13 10:45:00+00:00
299,1610535600,877.18,887.99,886.36,879.76,394.89207377,2021-01-13 11:00:00+00:00
